Program Time [s],data 0
19.9095,9.85459
19.9216,9.7516
19.9336,9.81148
19.9455,9.83782
19.9575,9.77795
19.9695,9.7995
19.9815,9.78753
19.9935,9.81148
20.0055,9.86896
20.0175,9.74921
20.0294,9.79232
20.0415,9.8498
20.0535,9.83064
20.0655,9.83543
20.0775,9.81387
20.0895,9.7516
20.1014,9.82345
20.1135,9.80669
20.1255,9.74202
20.1375,9.78992
20.1495,9.82824
20.1615,9.8019
20.1735,9.88333
20.1855,9.77795
20.1975,9.83064
20.2095,9.77316
20.2215,9.82585
20.2335,9.79471
20.2455,9.81387
20.2575,9.8019
20.2695,9.83543
20.2815,9.76597
20.2935,9.82345
20.3055,9.80429
20.3175,9.84501
20.3295,9.78992
20.3415,9.86417
20.3535,9.77795
20.3655,9.7516
20.3775,9.75639
20.3895,9.80429
20.4015,9.82106
20.4135,9.74442
20.4255,9.84022
20.4375,9.80908
20.4495,9.81148
20.4615,9.82345
20.4735,9.77316
20.4855,9.78034
20.4975,9.80908
20.5094,9.84501
20.5215,9.73963
20.5335,9.80429
20.5455,9.81627
20.5575,9.85938
20.5695,9.76358
20.5815,9.82345
20.5935,9.78274
20.6055,9.85938
20.6175,9.78753
20.6295,9.80429
20.6415,9.81387
20.6535,9.79471
20.6655,9.79232
20.6775,9.81148
20.6895,9.86656
20.7015,9.83543
20.7135,9.80908
20.7255,9.81387
20.7376,9.73963
20.7495,9.78513
20.7615,9.78513
20.7735,9.88573
20.7855,9.82824
20.7975,9.82585
20.8095,9.85698
20.8215,9.77555
20.8335,9.85219
20.8455,9.80429
20.8575,9.80429
20.8695,9.85938
20.8815,9.79711
20.8935,9.82345
20.9055,9.77316
20.9175,9.77555
20.9295,9.8019
20.9415,9.73484
20.9534,9.76118
20.9655,9.80669
20.9775,9.83064
20.9895,9.76837
21.0015,9.78274
21.0135,9.85698
21.0255,9.76837
21.0375,9.78034
21.0495,9.79232
21.0615,9.84022
21.0735,9.84022
21.0855,9.79471
21.0975,9.81866
21.1095,9.81627
21.1215,9.71089
21.1334,9.91446
21.1455,9.83782
21.1576,9.79471
21.1695,9.80669
21.1815,9.77555
21.1934,9.79471
21.2055,9.8474
21.2175,9.79711
21.2295,9.87854
21.2415,9.72765
21.2535,9.83543
21.2655,9.81387
21.2775,9.80908
21.2895,9.74681
21.3015,9.79471
21.3135,9.8498
21.3255,9.81387
21.3375,9.78034
21.3495,9.77795
21.3615,9.84022
21.3735,9.80669
21.3859,9.82585
21.3975,9.80908
21.4095,9.82585
21.4215,9.83543
21.4335,9.76597
21.4455,9.76837
21.4575,9.85698
21.4695,9.76837
21.4815,9.84022
21.4935,9.7995
21.5055,9.79711
21.5175,9.80429
21.5295,9.83304
21.5415,9.83304
21.5534,9.80429
21.5655,9.77795
21.5775,9.8977
21.5895,9.78034
21.6015,9.77795
21.6135,9.8498
21.6255,9.80429
21.6375,9.78992
21.6497,9.78513
21.6614,9.79711
21.6735,9.78274
21.6855,9.78034
21.6975,9.8953
21.7095,9.83543
21.7215,9.80429
21.7335,9.76118
21.7455,9.82585
21.7575,9.81866
21.7695,9.90728
21.7815,9.83782
21.7935,9.82585
21.8055,9.84022
21.8175,9.79711
21.8297,9.86417
21.8415,9.81866
21.8535,9.84261
21.8655,9.81866
21.8775,9.81148
21.8895,9.80908
21.9015,9.78992
21.9135,9.82585
21.9254,9.85698
21.9375,9.85459
21.9495,9.81866
21.9615,9.80429
21.9735,9.79232
21.9855,9.7995
21.9975,9.86177
22.0095,9.81866
22.0215,9.86177
22.0334,9.80908
22.0455,9.82106
22.0575,9.85219
22.0695,9.84501
22.0815,9.80429
22.0935,9.72286
22.1054,9.78513
22.1175,9.78034
22.1295,9.76118
22.1415,9.81387
22.1535,9.78274
22.1655,9.79471
22.1775,9.84261
22.1895,9.81627
22.2015,9.81627
22.2135,9.77555
22.2255,9.80429
22.2375,9.84022
22.2495,9.79471
22.2615,9.76358
22.2735,9.77316
22.2855,9.82106
22.2975,9.78753
22.3095,9.80908
22.3215,9.78513
22.3335,9.81387
22.3455,9.78034
22.3575,9.86417
22.3694,9.78034
22.3815,9.81148
22.3937,9.86417
22.4054,9.81866
22.4175,9.81627
22.4294,9.81866
22.4415,9.83782
22.4535,9.80429
22.4655,9.85698
22.4775,9.73005
22.4895,9.7995
22.5015,9.91925
22.5135,9.84501
22.5254,9.77316
22.5375,9.86177
22.5495,9.82106
22.5615,9.81148
22.5735,9.78753
22.5854,9.7995
22.5975,9.87614
22.6095,9.8977
22.6215,9.76118
22.6335,9.86896
22.6455,9.76837
22.6575,9.754
22.6696,9.80669
22.6815,9.77795
22.6935,9.77076
22.7055,9.81627
22.7175,9.83064
22.7295,9.79471
22.7415,9.78274
22.7535,9.79711
22.7655,9.86417
22.7775,9.81866
22.7895,9.7995
22.8015,9.80429
22.8135,9.76597
22.8255,9.86896
22.8375,9.8019
22.8495,9.74681
22.8615,9.76118
22.8735,9.78513
22.8855,9.85938
22.8975,9.80908
22.9095,9.76837
22.9215,9.76837
22.9335,9.79471
22.9455,9.85459
22.9575,9.83064
22.9695,9.89051
22.9815,9.80669
22.9935,9.82345
23.0055,9.84022
23.0175,9.82585
23.0295,9.85698
23.0415,9.78513
23.0535,9.76358
23.0655,9.78513
23.0775,9.82106
23.0894,9.82824
23.1015,9.8019
23.1134,9.80429
23.1255,9.78992
23.1375,9.81866
23.1495,9.7995
23.1615,9.7516
23.1735,9.83064
23.1854,9.78992
23.1975,9.84022
23.2095,9.81148
23.2215,9.77795
23.2335,9.77795
23.2455,9.80429
23.2575,9.74681
23.2695,9.85459
23.2814,9.81148
23.2935,9.83064
23.3055,9.83782
23.3174,9.88812
23.3295,9.82106
23.3415,9.74681
23.3535,9.80669
23.3655,9.75879
23.3775,9.8019
23.3895,9.78274
23.4015,9.79232
23.4135,9.8019
23.4254,9.81866
23.4375,9.80669
23.4495,9.84261
23.4615,9.79471
23.4735,9.81387
23.4855,9.7995
23.4975,9.82345
23.5095,9.83782
23.5216,9.80908
23.5335,9.82585
23.5455,9.73963
23.5575,9.81387
23.5695,9.79471
23.5815,9.78992
23.5935,9.82585
23.6055,9.7516
23.6175,9.78753
23.6295,9.84261
23.6415,9.78992
23.6535,9.74202
23.6655,9.77316
23.6775,9.79471
23.6895,9.8498
23.7015,9.83064
23.7135,9.73484
23.7255,9.85698
23.7375,9.78513
23.7495,9.8498
23.7615,9.82345
23.7735,9.76358
23.7855,9.82106
23.7975,9.79471
23.8095,9.80908
23.8215,9.78274
23.8335,9.87375
23.8455,9.80908
23.8576,9.76118
23.8695,9.82585
23.8815,9.81148
23.8935,9.78513
23.9055,9.79471
23.9175,9.79232
23.9294,9.75639
23.9415,9.83304
23.9535,9.81387
23.9655,9.75879
23.9775,9.74442
23.9895,9.86417
24.0014,9.82345
24.0135,9.8019
24.0255,9.83543
24.0374,9.88333
24.0495,9.88093
24.0615,9.8474
24.0735,9.84261
24.0855,9.78513
24.0975,9.82106
24.1095,9.75639
24.1215,9.83304
24.1335,9.77795
24.1455,9.78274
24.1575,9.82585
24.1695,9.77795
24.1815,9.77076
24.1935,9.76118
24.2055,9.88812
24.2174,9.80908
24.2295,9.79232
24.2414,9.76597
24.2535,9.78992
24.2655,9.83064
24.2775,9.80429
24.2895,9.83064
24.3015,9.83064
24.3135,9.84501
24.3255,9.78034
24.3375,9.79471
24.3495,9.80669
24.3615,9.79711
24.3735,9.82345
24.3855,9.8474
24.3975,9.77316
24.4095,9.73963
24.4215,9.78513
24.4335,9.8474
24.4455,9.85459
24.4575,9.85698
24.4695,9.84261
24.4814,9.69412
24.4935,9.85698
24.5055,9.81627
24.5175,9.72765
24.5295,9.8498
24.5415,9.83543
24.5535,9.83543
24.5655,9.78513
24.5775,9.80669
24.5895,9.78753
24.6015,9.84022
24.6135,9.81627
24.6255,9.74681
24.6375,9.89291
24.6495,9.80429
24.6615,9.78274
24.6735,9.90488
24.6855,9.84261
24.6975,9.7995
24.7095,9.78274
24.7215,9.80908
24.7335,9.79711
24.7455,9.82824
24.7575,9.8474
24.7695,9.81866
24.7815,9.7995
24.7935,9.80669
24.8055,9.82824
24.8175,9.84022
24.8295,9.73244
24.8415,9.76358
24.8535,9.83064
24.8654,9.76358
24.8775,9.87375
24.8895,9.83543
24.9015,9.85938
24.9135,9.77076
24.9255,9.79711
24.9375,9.83543
24.9495,9.7995
24.9615,9.78274
24.9735,9.82106
24.9855,9.8498
24.9975,9.73244
25.0095,9.81387
25.0215,9.77316
25.0335,9.82824
25.0455,9.83304
25.0575,9.81866
25.0695,9.8474
25.0815,9.85938
25.0935,9.81387
25.1055,9.79471
25.1175,9.7995
25.1295,9.77555
25.1415,9.73963
25.1535,9.80429
25.1654,9.80908
25.1775,9.78513
25.1895,9.77795
25.2015,9.87854
25.2135,9.84501
25.2256,9.83064
25.2376,9.8498
25.2495,9.85459
25.2615,9.82585
25.2735,9.78034
25.2856,9.82345
25.2975,9.79471
25.3095,9.81387
25.3215,9.85938
25.3335,9.82585
25.3455,9.8498
25.3575,9.83064
25.3695,9.84022
25.3815,9.78034
25.3935,9.80429
25.4055,9.78034
25.4175,9.70131
25.4295,9.84022
25.4415,9.80429
25.4535,9.87135
25.4655,9.76837
25.4775,9.76118
25.4895,9.77555
25.5015,9.8019
25.5135,9.85698
25.5255,9.87375
25.5375,9.82585
25.5495,9.76358
25.5615,9.80669
25.5735,9.79711
25.5855,9.76597
25.5975,9.78513
25.6095,9.87854
25.6215,9.80669
25.6335,9.8019
25.6455,9.80429
25.6575,9.75639
25.6695,9.8019
25.6815,9.87135
25.6935,9.83543
25.7055,9.8474
25.7175,9.79232
25.7295,9.79232
25.7414,9.85698
25.7535,9.76597
25.7655,9.83782
25.7775,9.81387
25.7895,9.82585
25.8015,9.75639
25.8135,9.8953
25.8255,9.76837
25.8375,9.78034
25.8494,9.79471
25.8615,9.81387
25.8735,9.80908
25.8855,9.81387
25.8975,9.82824
25.9095,9.84022
25.9214,9.78992
25.9335,9.80669
25.9455,9.81627
25.9575,9.80908
25.9695,9.79471
25.9815,9.82345
25.9935,9.82345
26.0055,9.7995
26.0175,9.8498
26.0295,9.8474
26.0415,9.77076
26.0535,9.80429
26.0655,9.82585
26.0775,9.78274
26.0895,9.74202
26.1015,9.82345
26.1135,9.85459
26.1255,9.83064
26.1374,9.82106
26.1495,9.78513
26.1615,9.78034
26.1735,9.76597
26.1855,9.84501
26.1975,9.7995
26.2094,9.83304
26.2215,9.80429
26.2335,9.73005
26.2455,9.7516
26.2575,9.80429
26.2695,9.78513
26.2815,9.78753
26.2935,9.78992
26.3055,9.80429
26.3174,9.79711
26.3295,9.80908
26.3415,9.81148
26.3535,9.78513
26.3655,9.81627
26.3775,9.754
26.3895,9.75639
26.4015,9.81627
26.4135,9.78753
26.4255,9.80669
26.4375,9.80669
26.4495,9.73963
26.4615,9.81627
26.4735,9.80908
26.4855,9.77795
26.4975,9.80429
26.5095,9.78274
26.5215,9.77795
26.5335,9.78274
26.5455,9.76837
26.5575,9.85459
26.5695,9.83064
26.5815,9.76837
26.5935,9.78992
26.6055,9.78274
26.6175,9.81627
26.6295,9.83543
26.6415,9.83782
26.6536,9.79471
26.6655,9.83543
26.6775,9.84261
26.6895,9.82106
26.7015,9.84501
26.7135,9.754
26.7255,9.81387
26.7375,9.78513
26.7495,9.85938
26.7615,9.77795
26.7735,9.82824
26.7855,9.83543
26.7975,9.80429
26.8095,9.77076
26.8215,9.76837
26.8335,9.80908
26.8455,9.82106
26.8575,9.77555
26.8695,9.80908
26.8815,9.83304
26.8935,9.77795
26.9055,9.82824
26.9175,9.82106
26.9295,9.82106
26.9415,9.74442
26.9535,9.82824
26.9655,9.80429
26.9775,9.90967
26.9895,9.83782
27.0015,9.68694
27.0135,9.78753
27.0255,9.77795
27.0375,9.8498
27.0495,9.8474
27.0615,9.81627
27.0735,9.82585
27.0855,9.80908
27.0975,9.754
27.1095,9.89291
27.1215,9.78513
27.1335,9.82585
27.1455,9.76597
27.1574,9.81387
27.1695,9.76118
27.1815,9.83064
27.1935,9.80429
27.2055,9.82824
27.2175,9.81387
27.2295,9.83304
27.2415,9.81866
27.2535,9.8498
27.2655,9.78034
27.2774,9.7995
27.2895,9.78513
27.3015,9.87375
27.3135,9.8498
27.3255,9.80429
27.3375,9.80429
27.3495,9.76358
27.3615,9.74681
27.3735,9.86656
27.3855,9.77076
27.3975,9.76118
27.4095,9.7995
27.4215,9.78992
27.4335,9.82585
27.4455,9.83543
27.4575,9.80669
27.4694,9.76837
27.4815,9.8019
27.4935,9.87375
27.5055,9.77555
27.5175,9.84022
27.5295,9.78992
27.5415,9.80908
27.5535,9.82106
27.5655,9.82106
27.5775,9.80908
27.5895,9.85459
27.6015,9.76837
27.6135,9.7995
27.6255,9.86177
27.6375,9.75639
27.6495,9.83064
27.6615,9.77076
27.6735,9.7995
27.6855,9.76358
27.6975,9.85698
27.7095,9.84501
27.7215,9.78992
27.7335,9.70849
27.7455,9.83782
27.7575,9.88093
27.7695,9.81148
27.7815,9.82824
27.7935,9.80669
27.8055,9.78274
27.8175,9.77076
27.8295,9.76358
27.8415,9.86656
27.8535,9.83304
27.8654,9.80908
27.8775,9.75879
27.8895,9.8019
27.9014,9.78753
27.9135,9.81387
27.9255,9.79232
27.9375,9.7516
27.9495,9.82824
27.9615,9.83543
27.9735,9.84261
27.9855,9.76597
27.9975,9.79711
28.0095,9.84501
28.0215,9.85938
28.0335,9.81387
28.0455,9.77076
28.0575,9.79232
28.0695,9.79711
28.0815,9.82345
28.0935,9.71807
28.1055,9.78274
28.1175,9.74202
28.1295,9.71328
28.1415,9.83304
28.1535,9.7995
28.1655,9.81148
28.1775,9.83782
28.1895,9.79471
28.2015,9.81148
28.2135,9.83064
28.2256,9.78513
28.2375,9.83304
28.2495,9.81866
28.2615,9.79711
28.2735,9.80429
28.2855,9.84022
28.2975,9.79471
28.3095,9.79232
28.3215,9.78753
28.3335,9.81387
28.3455,9.84501
28.3575,9.8474
28.3695,9.80669
28.3815,9.80429
28.3935,9.77795
28.4055,9.84022
28.4175,9.76597
28.4295,9.7995
28.4415,9.81387
28.4535,9.80908
28.4655,9.86177
28.4775,9.80429
28.4895,9.8498
28.5015,9.81387
28.5135,9.82585
28.5255,9.77076
28.5375,9.82824
28.5495,9.82585
28.5615,9.88573
28.5735,9.81148
28.5855,9.87135
28.5975,9.73723
28.6095,9.85938
28.6215,9.78513
28.6335,9.82106
28.6455,9.81627
28.6575,9.82824
28.6695,9.85698
28.6815,9.74921
28.6935,9.82824
28.7055,9.79711
28.7175,9.78034
28.7295,9.74681
28.7415,9.83543
28.7535,9.7995
28.7655,9.85698
28.7775,9.81387
28.7895,9.82824
28.8015,9.78992
28.8135,9.86417
28.8255,9.79232
28.8375,9.78992
28.8495,9.83543
28.8615,9.81627
28.8735,9.86896
28.8855,9.73244
28.8975,9.8474
28.9095,9.76118
28.9215,9.88093
28.9335,9.82345
28.9455,9.7995
28.9575,9.76837
28.9695,9.79711
28.9815,9.72286
28.9935,9.87375
29.0055,9.79711
29.0175,9.77316
29.0294,9.7995
29.0415,9.82345
29.0535,9.72526
29.0655,9.82824
29.0775,9.79232
29.0895,9.81148
29.1015,9.84501
29.1135,9.82106
29.1255,9.79232
29.1375,9.81148
29.1495,9.81627
29.1615,9.86177
29.1735,9.8019
29.1855,9.8019
29.1975,9.82345
29.2095,9.84022
29.2215,9.77316
29.2335,9.81627
29.2455,9.86896
29.2575,9.77555
29.2694,9.78513
29.2815,9.80429
29.2935,9.80908
29.3055,9.79232
29.3175,9.81866
29.3295,9.76358
29.3414,9.83064
29.3535,9.82345
29.3655,9.85938
29.3775,9.80908
29.3895,9.76358
29.4015,9.79232
29.4135,9.83782
29.4255,9.84022
29.4375,9.83064
29.4495,9.76358
29.4615,9.83543
29.4735,9.78034
29.4855,9.7995
29.4975,9.79232
29.5095,9.754
29.5215,9.79711
29.5335,9.84261
29.5455,9.85219
29.5574,9.87854
29.5695,9.81627
29.5815,9.71328
29.5935,9.78753
29.6055,9.82106
29.6175,9.81627
29.6294,9.79471
29.6415,9.81387
29.6535,9.81148
29.6655,9.73723
29.6775,9.79232
29.6895,9.77316
29.7015,9.80908
29.7135,9.82345
29.7255,9.80429
29.7374,9.82824
29.7495,9.72526
29.7615,9.79232
29.7734,9.81627
29.7855,9.81387
29.7975,9.81387
29.8094,9.82824
29.8215,9.81387
29.8335,9.82345
29.8454,9.79711
29.8575,9.81866
29.8695,9.82345
29.8815,9.81148
29.8935,9.79232
29.9055,9.77316
29.9175,9.86177
29.9295,9.8019
29.9415,9.85219
29.9534,9.74442
29.9655,9.75879
29.9775,9.82585
29.9895,9.78992
30.0015,9.86896
30.0135,9.78753
30.0255,9.81387
30.0375,9.7516
30.0495,9.74681
30.0615,9.78753
30.0735,9.8498
30.0855,9.78513
30.0975,9.87614
30.1095,9.76118
30.1215,9.83543
30.1335,9.79711
30.1455,9.78513
30.1575,9.79471
30.1695,9.88333
30.1815,9.77076
30.1935,9.82585
30.2055,9.79471
30.2175,9.82585
30.2295,9.82824
30.2414,9.71328
30.2535,9.76597
30.2655,9.81387
30.2775,9.82585
30.2895,9.80429
30.3015,9.86656
30.3134,9.77795
30.3255,9.83064
30.3375,9.8019
30.3494,9.83304
30.3615,9.78274
30.3735,9.80669
30.3855,9.81387
30.3975,9.79471
30.4095,9.88333
30.4215,9.74442
30.4335,9.80429
30.4454,9.79232
30.4575,9.78034
30.4695,9.85459
30.4814,9.82824
30.4935,9.81148
30.5055,9.78513
30.5175,9.80908
30.5295,9.78992
30.5415,9.81627
30.5534,9.7995
30.5655,9.76837
30.5775,9.82106
30.5895,9.84022
30.6015,9.81866
30.6135,9.78992
30.6255,9.81866
30.6375,9.77555
30.6495,9.74921
30.6615,9.81148
30.6735,9.76837
30.6854,9.79232
30.6975,9.83543
30.7095,9.7995
30.7214,9.8498
30.7335,9.80908
30.7455,9.78753
30.7574,9.74442
30.7695,9.85219
30.7815,9.82824
30.7935,9.86656
30.8055,9.77795
30.8175,9.83782
30.8295,9.86656
30.8415,9.77795
30.8535,9.83064
30.8655,9.86896
30.8775,9.83782
30.8895,9.7995
30.9015,9.81148
30.9135,9.81866
30.9255,9.85219
30.9375,9.82345
30.9495,9.80429
30.9615,9.78034
30.9735,9.75879
30.9855,9.79711
30.9975,9.81627
31.0095,9.84501
31.0215,9.83064
31.0335,9.82824
31.0455,9.78753
31.0575,9.72286
31.0695,9.77316
31.0815,9.87614
31.0935,9.79471
31.1055,9.78992
31.1175,9.81148
31.1295,9.83304
31.1415,9.84261
31.1535,9.77076
31.1655,9.79711
31.1775,9.86656
31.1895,9.83543
31.2015,9.81627
31.2135,9.80429
31.2255,9.81148
31.2375,9.81148
31.2495,9.7995
31.2615,9.84501
31.2735,9.78753
31.2855,9.8019
31.2975,9.82585
31.3095,9.81866
31.3215,9.80669
31.3335,9.77076
31.3455,9.73723
31.3575,9.84261
31.3695,9.81627
31.3815,9.78513
31.3935,9.82824
31.4055,9.78274
31.4175,9.81627
31.4295,9.82345
31.4415,9.81148
31.4535,9.74921
31.4655,9.81866
31.4775,9.78992
31.4895,9.81387
31.5015,9.86656
31.5135,9.81387
31.5255,9.80669
31.5375,9.83304
31.5495,9.83543
31.5615,9.76597
31.5735,9.79711
31.5855,9.81866
31.5975,9.80669
31.6095,9.88573
31.6215,9.79232
31.6335,9.7995
31.6456,9.81387
31.6575,9.82345
31.6695,9.77795
31.6815,9.83304
31.6935,9.83304
31.7055,9.8019
31.7175,9.8474
31.7295,9.80669
31.7415,9.79711
31.7535,9.78034
31.7655,9.82345
31.7775,9.79471
31.7895,9.83304
31.8015,9.78992
31.8135,9.83782
31.8255,9.80669
31.8375,9.81148
31.8495,9.85938
31.8615,9.77316
31.8735,9.81148
31.8855,9.79232
31.8975,9.8019
31.9095,9.83064
31.9215,9.77076
31.9335,9.85938
31.9455,9.81627
31.9575,9.79232
31.9695,9.78992
31.9815,9.83304
31.9935,9.83064
32.0055,9.82106
32.0175,9.76358
32.0295,9.78753
32.0415,9.79471
32.0535,9.76358
32.0655,9.72765
32.0775,9.81627
32.0895,9.83064
32.1015,9.83304
32.1135,9.7995
32.1255,9.83064
32.1375,9.84261
32.1496,9.76118
32.1615,9.79471
32.1735,9.78034
32.1855,9.82824
32.1975,9.81387
32.2095,9.78274
32.2215,9.79471
32.2335,9.76597
32.2455,9.82345
32.2575,9.77555
32.2695,9.8019
32.2815,9.81387
32.2935,9.78753
32.3055,9.78034
32.3175,9.78753
32.3295,9.82106
32.3415,9.84261
32.3535,9.83304
32.3655,9.85698
32.3775,9.7995
32.3895,9.80429
32.4015,9.79232
32.4135,9.76358
32.4255,9.78753
32.4375,9.82824
32.4495,9.87614
32.4615,9.82106
32.4735,9.77795
32.4855,9.83064
32.4975,9.76837
32.5095,9.80429
32.5215,9.74681
32.5335,9.85938
32.5455,9.80908
32.5575,9.81627
32.5695,9.78992
32.5815,9.78513
32.5935,9.84261
32.6055,9.85219
32.6175,9.76358
32.6295,9.76837
32.6415,9.77316
32.6535,9.67017
32.6655,9.80429
32.6775,9.72286
32.6895,9.82345
32.7015,9.79232
32.7135,9.79711
32.7254,9.83782
32.7375,9.78513
32.7495,9.78992
32.7615,9.87135
32.7735,9.78513
32.7855,9.77555
32.7975,9.74442
32.8095,9.81387
32.8215,9.81148
32.8335,9.76358
32.8455,9.79711
32.8575,9.76597
32.8695,9.83543
32.8815,9.78513
32.8935,9.82585
32.9055,9.76358
32.9175,9.78753
32.9295,9.84501
32.9415,9.81148
32.9535,9.79471
32.9655,9.82824
32.9775,9.83782
32.9895,9.8474
33.0015,9.78034
33.0135,9.81627
33.0255,9.7995
33.0375,9.83782
33.0495,9.81866
33.0615,9.76118
33.0735,9.80429
33.0855,9.81387
33.0975,9.77795
33.1095,9.75879
33.1215,9.78034
33.1335,9.80908
33.1455,9.80429
33.1575,9.86896
33.1695,9.79232
33.1815,9.81387
33.1935,9.7995
33.2055,9.7516
33.2174,9.78992
33.2295,9.81148
33.2415,9.87614
33.2535,9.83543
33.2655,9.87854
33.2779,9.78753
33.2895,9.79232
33.3015,9.73963
33.3135,9.78274
33.3255,9.8019
33.3375,9.79471
33.3495,9.82345
33.3615,9.754
33.3735,9.78034
33.3855,9.82106
33.3975,9.77555
33.4095,9.85459
33.4215,9.75879
33.4335,9.81387
33.4455,9.82106
33.4575,9.8019
33.4695,9.81866
33.4815,9.84261
33.4935,9.73723
33.5055,9.7995
33.5175,9.79711
33.5295,9.85219
33.5415,9.8498
33.5535,9.8498
33.5655,9.77316
33.5775,9.76358
33.5895,9.83782
33.6015,9.86177
33.6135,9.83304
33.6255,9.81148
33.6375,9.79471
33.6495,9.75879
33.6615,9.78274
33.6735,9.79471
33.6855,9.81387
33.6975,9.85698
33.7095,9.80429
33.7215,9.8474
33.7335,9.83782
33.7455,9.83543
33.7575,9.8474
33.7695,9.81148
33.7815,9.82106
33.7935,9.82106
33.8055,9.84022
33.8175,9.79232
33.8295,9.85938
33.8415,9.74442
33.8535,9.80429
33.8655,9.82585
33.8775,9.82585
33.8895,9.72765
33.9015,9.73963
33.9135,9.86656
33.9255,9.83064
33.9375,9.86656
33.9495,9.82824
33.9615,9.74921
33.9735,9.85219
33.9855,9.90009
33.9975,9.77555
34.0095,9.80908
34.0215,9.79471
34.0335,9.82345
34.0455,9.7516
34.0575,9.77555
34.0695,9.78992
34.0815,9.78992
34.0935,9.77076
34.1055,9.82585
34.1175,9.8019
34.1295,9.81627
34.1415,9.83064
34.1535,9.77795
34.1655,9.87854
34.1775,9.83304
34.1895,9.82585
34.2015,9.85219
34.2135,9.81866
34.2255,9.76837
34.2375,9.82585
34.2495,9.80669
34.2615,9.80429
34.2735,9.84501
34.2855,9.84261
34.2975,9.83543
34.3095,9.80908
34.3215,9.74442
34.3335,9.7995
34.3455,9.80429
34.3575,9.83543
34.3695,9.77795
34.3815,9.81148
34.3935,9.77795
34.4055,9.82824
34.4175,9.85938
34.4295,9.80429
34.4416,9.80908
34.4535,9.77076
34.4655,9.86177
34.4776,9.75879
34.4896,9.83064
34.5015,9.80429
34.5135,9.8019
34.5255,9.8019
34.5375,9.83304
34.5495,9.81387
34.5615,9.74921
34.5735,9.76837
34.5855,9.85219
34.5975,9.75879
34.6095,9.83304
34.6216,9.84501
34.6336,9.82106
34.6456,9.78992
34.6576,9.77316
34.6695,9.80908
34.6815,9.76837
34.6935,9.76837
34.7055,9.84022
34.7175,9.81148
34.7295,9.82585
34.7415,9.81866
34.7537,9.79471
34.7655,9.80908
34.7775,9.76358
34.7895,9.80669
34.8015,9.81627
34.8135,9.8019
34.8255,9.79232
34.8375,9.82824
34.8495,9.83543
34.8615,9.79471
34.8735,9.80908
34.8855,9.73963
34.8975,9.86417
34.9095,9.78034
34.9215,9.69891
34.9335,9.87135
34.9455,9.82106
34.9575,9.82345
34.9695,9.79471
34.9815,9.84261
34.9935,9.83304
35.0055,9.83782
35.0175,9.74442
35.0296,9.88093
35.0416,9.80908
35.0535,9.83304
35.0655,9.82106
35.0776,9.81866
35.0895,9.73244
35.1015,9.79711
35.1135,9.8019
35.1255,9.78274
35.1375,9.8474
35.1495,9.82585
35.1615,9.88333
35.1735,9.78274
35.1855,9.83543
35.1975,9.85219
35.2095,9.78753
35.2215,9.8019
35.2335,9.83782
35.2455,9.77795
35.2576,9.80429
35.2695,9.79471
35.2815,9.78274
35.2935,9.79232
35.3055,9.85459
35.3175,9.81387
35.3295,9.81148
35.3415,9.81148
35.3535,9.78274
35.3655,9.82106
35.3775,9.80429
35.3895,9.87614
35.4015,9.78992
35.4135,9.79471
35.4255,9.83064
35.4375,9.80669
35.4495,9.82106
35.4615,9.77076
35.4735,9.75879
35.4855,9.85219
35.4975,9.78034
35.5095,9.80669
35.5215,9.85459
35.5335,9.76358
35.5455,9.85459
35.5575,9.81387
35.5695,9.85219
35.5815,9.78753
35.5935,9.83543
35.6055,9.754
35.6175,9.80429
35.6295,9.71807
35.6415,9.80669
35.6535,9.76118
35.6655,9.77076
35.6775,9.81387
35.6895,9.86896
35.7015,9.83304
35.7135,9.74921
35.7255,9.81387
35.7375,9.81627
35.7495,9.80908
35.7615,9.8019
35.7735,9.83782
35.7855,9.84022
35.7975,9.7995
35.8095,9.754
35.8215,9.85698
35.8335,9.8019
35.8455,9.80669
35.8575,9.87135
35.8695,9.85459
35.8815,9.7995
35.8935,9.82824
35.9055,9.75639
35.9175,9.80908
35.9295,9.84261
35.9415,9.76118
35.9536,9.85698
35.9656,9.80429
35.9775,9.85219
35.9895,9.80429
36.0015,9.85938
36.0135,9.78513
36.0255,9.82824
36.0375,9.80908
36.0495,9.82824
36.0615,9.81627
36.0736,9.80908
36.0855,9.80429
36.0975,9.80429
36.1095,9.7995
36.1215,9.77316
36.1335,9.82824
36.1455,9.85459
36.1575,9.7995
36.1696,9.83543
36.1815,9.80669
36.1935,9.75879
36.2055,9.78513
36.2175,9.85459
36.2295,9.77076
36.2415,9.85938
36.2535,9.8474
36.2655,9.77316
36.2775,9.80908
36.2895,9.81866
36.3015,9.7995
36.3135,9.7995
36.3255,9.79471
36.3375,9.86656
36.3495,9.75639
36.3615,9.84501
36.3735,9.79471
36.3855,9.85698
36.3975,9.77795
36.4095,9.81387
36.4215,9.83304
36.4335,9.76837
36.4455,9.81866
36.4575,9.86417
36.4695,9.81627
36.4815,9.80908
36.4935,9.84501
36.5055,9.79232
36.5175,9.76358
36.5295,9.86417
36.5415,9.83304
36.5535,9.83782
36.5655,9.74921
36.5775,9.84022
36.5895,9.73723
36.6015,9.75639
36.6135,9.82345
36.6255,9.82585
36.6375,9.77076
36.6495,9.81387
36.6615,9.77795
36.6735,9.78274
36.6856,9.81148
36.6975,9.81627
36.7095,9.81387
36.7215,9.77555
36.7335,9.82106
36.7455,9.82585
36.7575,9.78274
36.7695,9.76837
36.7815,9.85938
36.7935,9.81387
36.8055,9.76597
36.8175,9.84022
36.8295,9.87135
36.8415,9.82824
36.8535,9.79711
36.8655,9.85459
36.8775,9.76118
36.8895,9.7995
36.9015,9.7995
36.9135,9.79471
36.9255,9.77316
36.9375,9.79471
36.9495,9.79471
36.9615,9.7995
36.9735,9.81387
36.9855,9.8498
36.9975,9.86177
37.0096,9.81148
37.0216,9.81148
37.0335,9.76837
37.0455,9.86656
37.0575,9.83782
37.0695,9.754
37.0815,9.74921
37.0935,9.82106
37.1055,9.81866
37.1175,9.78992
37.1295,9.754
37.1415,9.75639
37.1535,9.82824
37.1655,9.7995
37.1775,9.77795
37.1895,9.78034
37.2016,9.79232
37.2137,9.7995
37.2255,9.82345
37.2375,9.84501
37.2495,9.81148
37.2615,9.78034
37.2735,9.78274
37.2855,9.84022
37.2975,9.79471
37.3095,9.77795
37.3215,9.84022
37.3335,9.84022
37.3455,9.82585
37.3575,9.83304
37.3696,9.7995
37.3815,9.81387
37.3935,9.7995
37.4056,9.78513
37.4175,9.73244
37.4296,9.78513
37.4415,9.74921
37.4535,9.77076
37.4655,9.79711
37.4775,9.84022
37.4895,9.86656
37.5015,9.78513
37.5136,9.79471
37.5255,9.754
37.5375,9.81627
37.5495,9.77795
37.5615,9.8474
37.5735,9.82345
37.5855,9.79711
37.5976,9.83543
37.6095,9.80908
37.6215,9.82585
37.6335,9.78274
37.6455,9.78034
37.6575,9.83782
37.6695,9.80429
37.6815,9.82585
37.6935,9.78274
37.7055,9.78034
37.7175,9.81866
37.7295,9.79471
37.7415,9.75879
37.7535,9.81627
37.7655,9.77076
37.7775,9.86656
37.7895,9.76837
37.8015,9.81866
37.8135,9.79711
37.8255,9.77795
37.8375,9.83064
37.8495,9.88812
37.8615,9.7995
37.8735,9.82106
37.8855,9.82106
37.8975,9.81866
37.9095,9.82585
37.9215,9.88573
37.9335,9.77555
37.9455,9.82345
37.9575,9.85698
37.9695,9.8019
37.9815,9.77316
37.9935,9.77555
38.0055,9.83782
38.0175,9.82106
38.0295,9.79471
38.0415,9.78992
38.0535,9.83304
38.0655,9.8498
38.0775,9.78992
38.0895,9.83064
38.1015,9.77316
38.1135,9.81627
38.1255,9.82824
38.1375,9.77795
38.1495,9.79471
38.1615,9.78992
38.1735,9.79711
38.1855,9.7995
38.1975,9.78992
38.2095,9.76118
38.2216,9.86896
38.2335,9.77076
38.2455,9.76118
38.2575,9.82824
38.2695,9.83304
38.2815,9.78753
38.2935,9.77316
38.3055,9.82824
38.3175,9.82824
38.3296,9.83304
38.3415,9.84501
38.3535,9.80669
38.3655,9.78513
38.3775,9.83304
38.3895,9.86177
38.4015,9.78513
38.4135,9.81387
38.4255,9.78513
38.4375,9.77076
38.4495,9.78274
38.4615,9.81866
38.4735,9.79711
38.4855,9.79711
38.4975,9.78513
38.5095,9.7995
38.5215,9.77076
38.5335,9.81627
38.5454,9.78513
38.5575,9.84501
38.5695,9.82345
38.5815,9.82106
38.5935,9.76837
38.6055,9.87375
38.6175,9.86896
38.6295,9.81627
38.6415,9.77316
38.6535,9.8953
38.6655,9.80908
38.6775,9.8474
38.6895,9.73244
38.7015,9.83064
38.7135,9.81627
38.7255,9.85219
38.7375,9.82106
38.7495,9.79711
38.7615,9.86417
38.7735,9.82585
38.7855,9.78034
38.7975,9.8498
38.8095,9.85219
38.8215,9.84022
38.8335,9.78753
38.8455,9.81627
38.8575,9.82106
38.8695,9.8474
38.8815,9.81387
38.8935,9.82585
38.9054,9.86656
38.9175,9.83782
38.9295,9.7516
38.9415,9.84261
38.9535,9.83304
38.9655,9.8019
38.9775,9.86177
38.9895,9.81866
39.0015,9.78992
39.0135,9.77555
39.0255,9.8474
39.0375,9.81148
39.0495,9.81148
39.0615,9.83543
39.0735,9.754
39.0855,9.82345
39.0975,9.80429
39.1095,9.72047
39.1215,9.83064
39.1335,9.82106
39.1455,9.84022
39.1575,9.87135
39.1695,9.81148
39.1815,9.80429
39.1935,9.83064
39.2055,9.85698
39.2175,9.72526
39.2295,9.83064
39.2415,9.84501
39.2535,9.78274
39.2654,9.78034
39.2775,9.82585
39.2895,9.75879
39.3016,9.8019
39.3135,9.84501
39.3255,9.78274
39.3375,9.82824
39.3495,9.81627
39.3615,9.76358
39.3735,9.8019
39.3855,9.81627
39.3974,9.79711
39.4095,9.76837
39.4215,9.77076
39.4335,9.84501
39.4454,9.754
39.4575,9.81148
39.4695,9.79232
39.4815,9.81627
39.4935,9.77316
39.5055,9.7061
39.5175,9.78034
39.5295,9.81148
39.5415,9.72526
39.5535,9.84501
39.5655,9.78274
39.5775,9.80429
39.5895,9.84501
39.6015,9.78034
39.6135,9.82345
39.6255,9.78034
39.6375,9.80429
39.6494,9.87375
39.6615,9.77555
39.6735,9.81387
39.6855,9.81866
39.6975,9.80669
39.7095,9.8498
39.7215,9.74202
39.7335,9.78513
39.7455,9.78274
39.7575,9.8953
39.7695,9.73723
39.7814,9.8498
39.7934,9.83782
39.8055,9.84022
39.8175,9.7516
39.8295,9.8019
39.8415,9.7995
39.8535,9.81148
39.8655,9.7995
39.8775,9.80429
39.8895,9.85938
39.9015,9.8498
39.9135,9.81148
39.9255,9.82345
39.9375,9.75639
39.9495,9.81387
39.9615,9.78992
39.9735,9.83304
39.9855,9.79711
39.9975,9.78753
40.0095,9.79471
40.0215,9.8019
40.0335,9.83064
40.0455,9.754
40.0575,9.87135
40.0695,9.79471
40.0815,9.79232
40.0935,9.7516
40.1055,9.83543
40.1175,9.77555
40.1295,9.8019
40.1415,9.83543
40.1535,9.82106
40.1655,9.76837
40.1775,9.77316
40.1895,9.77795
40.2015,9.84501
40.2135,9.81387
40.2255,9.82106
40.2375,9.84022
40.2495,9.80429
40.2615,9.77795
40.2735,9.7995
40.2855,9.73484
40.2975,9.8498
40.3095,9.81627
40.3215,9.80429
40.3335,9.82585
40.3455,9.81387
40.3575,9.79711
40.3695,9.78753
40.3815,9.76837
40.3935,9.79711
40.4055,9.83543
40.4175,9.8019
40.4295,9.85698
40.4415,9.71089
40.4536,9.76837
40.4655,9.82106
40.4775,9.79232
40.4896,9.78992
40.5016,9.73484
40.5135,9.81387
40.5255,9.82585
40.5375,9.82106
40.5495,9.85219
40.5615,9.83782
40.5735,9.72286
40.5855,9.82345
40.5975,9.77555
40.6095,9.80669
40.6215,9.78753
40.6335,9.78992
40.6455,9.74202
40.6575,9.84261
40.6695,9.76118
40.6815,9.80908
40.6935,9.79471
40.7055,9.83543
40.7174,9.83064
40.7295,9.81148
40.7415,9.80429
40.7534,9.77076
40.7655,9.82345
40.7775,9.80669
40.7895,9.73005
40.8015,9.82585
40.8135,9.77555
40.8255,9.78753
40.8375,9.78992
40.8495,9.75639
40.8615,9.77555
40.8735,9.80429
40.8855,9.81627
40.8974,9.83543
40.9095,9.70849
40.9215,9.83304
40.9335,9.87135
40.9455,9.87375
40.9575,9.75639
40.9695,9.85698
40.9815,9.83543
40.9935,9.78992
41.0055,9.76358
41.0175,9.80908
41.0295,9.84501
41.0415,9.76118
41.0535,9.78274
41.0655,9.83064
41.0775,9.77795
41.0895,9.82106
41.1015,9.81387
41.1135,9.83304
41.1255,9.86656
41.1375,9.80669
41.1495,9.83543
41.1615,9.84022
41.1735,9.88093
41.1854,9.80429
41.1975,9.83064
41.2095,9.77555
41.2215,9.7995
41.2335,9.81866
41.2455,9.8498
41.2575,9.81866
41.2695,9.82585
41.2815,9.86417
41.2935,9.77076
41.3055,9.85459
41.3175,9.81866
41.3295,9.85459
41.3415,9.84022
41.3535,9.80429
41.3655,9.81627
41.3775,9.81627
41.3895,9.77316
41.4015,9.78753
41.4135,9.8019
41.4255,9.81627
41.4376,9.81148
41.4495,9.8019
41.4615,9.7995
41.4735,9.83304
41.4855,9.83782
41.4975,9.73963
41.5095,9.82345
41.5215,9.85459
41.5335,9.82345
41.5455,9.85219
41.5575,9.82824
41.5695,9.80669
41.5815,9.8019
41.5935,9.82824
41.6055,9.8019
41.6174,9.77316
41.6295,9.7995
41.6414,9.80908
41.6535,9.86417
41.6655,9.81627
41.6775,9.79711
41.6895,9.76118
41.7015,9.77795
41.7135,9.8474
41.7255,9.75879
41.7375,9.79471
41.7495,9.77555
41.7614,9.80669
41.7735,9.72286
41.7855,9.86896
41.7975,9.78513
41.8095,9.77555
41.8215,9.83064
41.8335,9.75639
41.8455,9.81387
41.8575,9.81627
41.8695,9.78274
41.8815,9.8498
41.8935,9.78513
41.9055,9.82106
41.9175,9.82106
41.9295,9.85938
41.9415,9.85459
41.9535,9.81148
41.9656,9.73244
41.9775,9.82106
41.9895,9.82585
42.0014,9.79711
42.0135,9.72526
42.0255,9.80908
42.0375,9.81866
42.0495,9.78274
42.0615,9.85698
42.0735,9.78034
42.0855,9.81627
42.0975,9.87375
42.1095,9.76118
42.1214,9.77316
42.1335,9.79471
42.1455,9.85938
42.1575,9.76358
42.1695,9.83543
42.1815,9.77316
42.1935,9.84501
42.2055,9.78034
42.2175,9.76597
42.2295,9.81148
42.2415,9.86896
42.2536,9.78992
42.2655,9.78034
42.2776,9.74921
42.2895,9.90488
42.3016,9.73244
42.3136,9.81866
42.3255,9.85698
42.3375,9.8019
42.3495,9.8498
42.3615,9.76837
42.3735,9.77555
42.3855,9.8019
42.3975,9.85938
42.4095,9.82345
42.4215,9.84261
42.4335,9.80429
42.4455,9.81387
42.4575,9.85459
42.4695,9.81148
42.4815,9.77555
42.4935,9.86656
42.5055,9.87375
42.5175,9.83543
42.5295,9.82585
42.5415,9.79232
42.5535,9.81387
42.5655,9.81866
42.5775,9.81148
42.5895,9.8019
42.6015,9.86177
42.6135,9.754
42.6255,9.82585
42.6375,9.73723
42.6495,9.86896
42.6615,9.81148
42.6735,9.74442
42.6855,9.82345
42.6975,9.80908
42.7095,9.86417
42.7215,9.81627
42.7335,9.80908
42.7455,9.79232
42.7575,9.77316
42.7695,9.82106
42.7815,9.85219
42.7935,9.81627
42.8055,9.81627
42.8175,9.754
42.8295,9.81387
42.8415,9.83304
42.8535,9.78992
42.8655,9.84022
42.8775,9.85938
42.8895,9.80429
42.9015,9.71807
42.9134,9.86656
42.9255,9.8474
42.9375,9.82345
42.9495,9.72286
42.9615,9.83304
42.9735,9.77555
42.9855,9.87854
42.9975,9.78513
43.0095,9.7995
43.0215,9.82106
43.0335,9.8019
43.0455,9.7516
43.0575,9.8498
43.0695,9.83543
43.0815,9.8019
43.0935,9.85698
43.1055,9.83782
43.1175,9.83543
43.1295,9.82585
43.1414,9.84501
43.1535,9.76837
43.1655,9.79471
43.1775,9.74442
43.1895,9.81627
43.2014,9.73723
43.2135,9.79232
43.2255,9.75639
43.2374,9.86656
43.2495,9.77316
43.2615,9.79232
43.2735,9.81627
43.2855,9.85698
43.2975,9.79471
43.3095,9.81148
43.3215,9.76597
43.3335,9.81627
43.3455,9.87614
43.3575,9.8498
43.3695,9.80669
43.3814,9.74442
43.3935,9.80669
43.4055,9.78513
43.4175,9.77316
43.4295,9.74681
43.4415,9.83543
43.4535,9.7995
43.4655,9.79471
43.4775,9.77316
43.4894,9.90728
43.5015,9.79711
43.5135,9.78274
43.5255,9.79232
43.5375,9.78034
43.5495,9.81627
43.5615,9.754
43.5735,9.84022
43.5855,9.79232
43.5975,9.79471
43.6095,9.73005
43.6215,9.78274
43.6335,9.83064
43.6455,9.8474
43.6576,9.81148
43.6695,9.85219
43.6815,9.80429
43.6935,9.87375
43.7055,9.75879
43.7175,9.87135
43.7295,9.78753
43.7415,9.80669
43.7535,9.86177
43.7655,9.82106
43.7775,9.80908
43.7895,9.78513
43.8015,9.77795
43.8135,9.76118
43.8255,9.8019
43.8375,9.71089
43.8495,9.80429
43.8615,9.74921
43.8735,9.80429
43.8855,9.83543
43.8975,9.84261
43.9095,9.76837
43.9215,9.74921
43.9335,9.84022
43.9455,9.81148
43.9575,9.85459
43.9695,9.82345
43.9815,9.79711
43.9935,9.7995
44.0055,9.74202
44.0175,9.73723
44.0295,9.85459
44.0415,9.82824
44.0535,9.77076
44.0655,9.79232
44.0775,9.83064
44.0895,9.8977
44.1015,9.73963
44.1135,9.8019
44.1255,9.77555
44.1375,9.80429
44.1495,9.73244
44.1615,9.84261
44.1735,9.77076
44.1855,9.82106
44.1975,9.76837
44.2095,9.78274
44.2215,9.78274
44.2335,9.77795
44.2455,9.80908
44.2575,9.85219
44.2695,9.81387
44.2815,9.86417
44.2935,9.82824
44.3055,9.84022
44.3175,9.80908
44.3295,9.82345
44.3415,9.80908
44.3535,9.80908
44.3655,9.83782
44.3775,9.81627
44.3895,9.77076
44.4015,9.75639
44.4135,9.81387
44.4255,9.8498
44.4375,9.76597
44.4495,9.79711
44.4615,9.86656
44.4735,9.79711
44.4855,9.80429
44.4975,9.79471
44.5095,9.79711
44.5215,9.78753
44.5335,9.81387
44.5455,9.82585
44.5575,9.83304
44.5695,9.7995
44.5815,9.80669
44.5935,9.7995
44.6055,9.73005
44.6175,9.78034
44.6295,9.80429
44.6415,9.85938
44.6535,9.78753
44.6655,9.83543
44.6775,9.75879
44.6896,9.77076
44.7015,9.80908
44.7136,9.79711
44.7255,9.73723
44.7375,9.82345
44.7495,9.79471
44.7615,9.76837
44.7735,9.75639
44.7855,9.82345
44.7975,9.77316
44.8095,9.74442
44.8216,9.78753
44.8335,9.83782
44.8455,9.75639
44.8575,9.83304
44.8695,9.80669
44.8815,9.82345
44.8935,9.77316
44.9055,9.87375
44.9175,9.77076
44.9295,9.85459
44.9415,9.79711
44.9535,9.82345
44.9655,9.86656
44.9775,9.75879
44.9895,9.81148
45.0015,9.81148
45.0135,9.78992
45.0255,9.87135
45.0375,9.72526
45.0495,9.82585
45.0615,9.79232
45.0735,9.8019
45.0855,9.78274
45.0975,9.77555
45.1095,9.78992
45.1215,9.78753
45.1335,9.81387
45.1455,9.78992
45.1575,9.80669
45.1695,9.74921
45.1815,9.83543
45.1935,9.81866
45.2055,9.81387
45.2175,9.84022
45.2295,9.75639
45.2415,9.80908
45.2535,9.79711
45.2655,9.77316
45.2775,9.8474
45.2895,9.78274
45.3015,9.79711
45.3135,9.86177
45.3255,9.80669
45.3375,9.81627
45.3495,9.79471
45.3615,9.87375
45.3735,9.78274
45.3855,9.79471
45.3975,9.78753
45.4095,9.79232
45.4216,9.81148
45.4335,9.82345
45.4455,9.79711
45.4575,9.76358
45.4695,9.86417
45.4815,9.78992
45.4935,9.74921
45.5055,9.74202
45.5175,9.81387
45.5295,9.76837
45.5415,9.83064
45.5535,9.84261
45.5656,9.78513
45.5776,9.86896
45.5895,9.74921
45.6015,9.84261
45.6135,9.7995
45.6255,9.74681
45.6375,9.78274
45.6494,9.81627
45.6615,9.82345
45.6735,9.83304
45.6855,9.85698
45.6975,9.78274
45.7095,9.77316
45.7215,9.79471
45.7335,9.81866
45.7455,9.83304
45.7576,9.81627
45.7695,9.82106
45.7815,9.79232
45.7935,9.80908
45.8055,9.82824
45.8175,9.80908
45.8295,9.80429
45.8415,9.8019
45.8535,9.80669
45.8655,9.8019
45.8775,9.80908
45.8896,9.75879
45.9015,9.84261
45.9135,9.81387
45.9255,9.76837
45.9375,9.77795
45.9495,9.77795
45.9615,9.8019
45.9735,9.79711
45.9855,9.81148
45.9975,9.74442
46.0094,9.80429
46.0215,9.85219
46.0335,9.71328
46.0455,9.81627
46.0575,9.8019
46.0695,9.78034
46.0815,9.73963
46.0935,9.81866
46.1055,9.82345
46.1175,9.79232
46.1295,9.80429
46.1415,9.77316
46.1535,9.77316
46.1655,9.82824
46.1775,9.77795
46.1895,9.78753
46.2015,9.8953
46.2135,9.86417
46.2255,9.8498
46.2375,9.84261
46.2495,9.81148
46.2615,9.87614
46.2735,9.82585
46.2855,9.82824
46.2975,9.83782
46.3095,9.8474
46.3215,9.81866
46.3335,9.81627
46.3455,9.85219
46.3575,9.86656
46.3695,9.79471
46.3815,9.80908
46.3935,9.81866
46.4055,9.74921
46.4175,9.76358
46.4295,9.84501
46.4415,9.87854
46.4535,9.76358
46.4655,9.85938
46.4775,9.78034
46.4895,9.79232
46.5015,9.83304
46.5135,9.74681
46.5255,9.78992
46.5375,9.81866
46.5495,9.85459
46.5615,9.79232
46.5735,9.77316
46.5855,9.82585
46.5976,9.81866
46.6095,9.83304
46.6215,9.7995
46.6335,9.78274
46.6455,9.80669
46.6575,9.7995
46.6695,9.80669
46.6816,9.82585
46.6935,9.8498
46.7055,9.81866
46.7175,9.84261
46.7295,9.77795
46.7415,9.82585
46.7535,9.81866
46.7655,9.81627
46.7775,9.78034
46.7895,9.82585
46.8015,9.8498
46.8135,9.79471
46.8255,9.77795
46.8375,9.78753
46.8495,9.86896
46.8615,9.83064
46.8735,9.83782
46.8855,9.78992
46.8975,9.77316
46.9095,9.74202
46.9215,9.81387
46.9335,9.77316
46.9455,9.81148
46.9575,9.83304
46.9695,9.80429
46.9815,9.81627
46.9935,9.82345
47.0055,9.78513
47.0175,9.83064
47.0295,9.83543
47.0415,9.78753
47.0535,9.73963
47.0655,9.88573
47.0775,9.82345
47.0895,9.75879
47.1015,9.76837
47.1135,9.76358
47.1255,9.83304
47.1375,9.77076
47.1495,9.80669
47.1615,9.80669
47.1735,9.77316
47.1855,9.81387
47.1975,9.79232
47.2095,9.83543
47.2215,9.79232
47.2335,9.83543
47.2455,9.88093
47.2575,9.78513
47.2695,9.82824
47.2814,9.77555
47.2935,9.87135
47.3055,9.79471
47.3175,9.81148
47.3295,9.82585
47.3415,9.82824
47.3535,9.7995
47.3655,9.81148
47.3775,9.82106
47.3895,9.81148
47.4015,9.79471
47.4135,9.83782
47.4255,9.75639
47.4375,9.85698
47.4495,9.73244
47.4615,9.78034
47.4735,9.90967
47.4855,9.76837
47.4975,9.76837
47.5095,9.8498
47.5215,9.76837
47.5335,9.79471
47.5456,9.81627
47.5575,9.91686
47.5695,9.82585
47.5815,9.80669
47.5935,9.78274
47.6055,9.74202
47.6175,9.83064
47.6295,9.80908
47.6415,9.81148
47.6535,9.83304
47.6655,9.83064
47.6775,9.85938
47.6895,9.79232
47.7015,9.8019
47.7135,9.79711
47.7255,9.75639
47.7375,9.8019
47.7495,9.78992
47.7615,9.82106
47.7735,9.83304
47.7855,9.83304
47.7975,9.82824
47.8095,9.86417
47.8215,9.80669
47.8335,9.79471
47.8455,9.78034
47.8575,9.82345
47.8695,9.83304
47.8815,9.81148
47.8935,9.81866
47.9055,9.82106
47.9175,9.84022
47.9295,9.79471
47.9415,9.77555
47.9536,9.7995
47.9655,9.83064
47.9775,9.81627
47.9895,9.79711
48.0016,9.85459
48.0135,9.8498
48.0256,9.89291
48.0375,9.84261
48.0495,9.79471
48.0615,9.86656
48.0737,9.78753
48.0855,9.79232
48.0975,9.81627
48.1096,9.79711
48.1216,9.79471
48.1336,9.76118
48.1455,9.76118
48.1575,9.77795
48.1695,9.83064
48.1815,9.77316
48.1936,9.76597
48.2056,9.78513
48.2175,9.78513
48.2295,9.754
48.2415,9.77316
48.2535,9.80908
48.2655,9.74921
48.2775,9.77076
48.2895,9.79711
48.3015,9.77795
48.3135,9.79232
48.3255,9.78034
48.3375,9.83304
48.3495,9.83543
48.3615,9.79471
48.3735,9.81866
48.3855,9.78034
48.3975,9.79471
48.4095,9.82106
48.4215,9.80429
48.4335,9.81387
48.4455,9.79232
48.4575,9.79471
48.4695,9.79232
48.4816,9.8498
48.4935,9.8019
48.5055,9.80669
48.5175,9.82824
48.5295,9.77076
48.5415,9.77076
48.5535,9.81148
48.5655,9.78274
48.5775,9.82824
48.5895,9.80669
48.6015,9.84261
48.6135,9.85459
48.6255,9.82345
48.6375,9.77555
48.6495,9.84022
48.6615,9.72286
48.6735,9.83782
48.6855,9.81148
48.6975,9.76358
48.7095,9.80908
48.7215,9.78992
48.7335,9.83543
48.7455,9.84501
48.7575,9.77555
48.7696,9.87854
48.7815,9.80429
48.7935,9.80908
48.8055,9.84022
48.8175,9.82345
48.8295,9.84501
48.8415,9.77555
48.8535,9.84261
48.8655,9.81387
48.8775,9.75879
48.8895,9.7995
48.9015,9.81866
48.9135,9.81148
48.9255,9.83064
48.9375,9.78753
48.9495,9.84261
48.9615,9.7995
48.9735,9.85219
48.9855,9.80908
48.9975,9.81866
49.0095,9.81387
49.0215,9.81387
49.0335,9.78513
49.0455,9.87375
49.0574,9.74442
49.0695,9.7995
49.0815,9.82345
49.0936,9.81148
49.1055,9.82345
49.1175,9.76118
49.1295,9.79232
49.1415,9.83304
49.1535,9.80429
49.1655,9.84022
49.1775,9.86177
49.1895,9.80908
49.2015,9.8019
49.2135,9.81627
49.2255,9.82585
49.2375,9.7995
49.2495,9.75879
49.2615,9.78753
49.2735,9.77795
49.2855,9.80908
49.2975,9.82106
49.3095,9.70131
49.3215,9.80669
49.3335,9.86896
49.3455,9.78034
49.3575,9.78513
49.3695,9.85219
49.3815,9.78753
49.3935,9.81866
49.4055,9.76837
49.4175,9.79471
49.4295,9.83782
49.4415,9.83543
49.4535,9.77076
49.4655,9.81866
49.4775,9.83064
49.4895,9.76597
49.5015,9.7995
49.5135,9.80908
49.5255,9.81866
49.5375,9.78274
49.5495,9.8019
49.5615,9.82345
49.5735,9.81387
49.5855,9.77316
49.5975,9.79232
49.6095,9.85698
49.6215,9.79471
49.6335,9.79711
49.6455,9.81866
49.6575,9.85698
49.6695,9.83543
49.6815,9.83543
49.6935,9.78274
49.7055,9.8019
49.7175,9.77076
49.7295,9.78034
49.7415,9.79711
49.7535,9.8019
49.7656,9.77555
49.7776,9.8019
49.7896,9.81866
49.8015,9.80669
49.8136,9.83304
49.8255,9.82345
49.8375,9.80429
49.8494,9.7516
49.8615,9.73963
49.8735,9.78034
49.8855,9.8474
49.8975,9.81866
49.9095,9.82585
49.9215,9.76118
49.9335,9.77076
49.9455,9.81148
49.9575,9.78034
49.9695,9.88573
49.9815,9.81866
49.9935,9.89051
50.0055,9.83304
50.0175,9.78034
50.0295,9.86896
50.0415,9.78753
50.0535,9.81387
50.0655,9.82106
50.0775,9.83064
50.0895,9.82345
50.1016,9.77795
50.1135,9.83304
50.1255,9.81866
50.1375,9.87614
50.1495,9.85219
50.1615,9.81627
50.1735,9.81627
50.1855,9.75879
50.1975,9.89291
50.2095,9.72765
50.2215,9.85698
50.2335,9.77316
50.2455,9.78034
50.2575,9.73244
50.2695,9.82824
50.2815,9.83543
50.2935,9.76118
50.3055,9.88093
50.3175,9.79232
50.3295,9.80669
50.3415,9.76118
50.3535,9.78274
50.3655,9.80669
50.3775,9.79711
50.3895,9.81148
50.4015,9.83064
50.4135,9.78513
50.4256,9.81866
50.4375,9.754
50.4495,9.754
50.4615,9.8019
50.4735,9.78274
50.4855,9.83782
50.4975,9.83304
50.5095,9.83304
50.5215,9.79232
50.5335,9.85698
50.5455,9.75639
50.5574,9.78753
50.5695,9.81148
50.5815,9.83543
50.5935,9.85219
50.6055,9.83064
50.6175,9.81148
50.6295,9.81866
50.6415,9.80429
50.6535,9.83304
50.6655,9.83543
50.6775,9.74442
50.6895,9.77316
50.7015,9.8019
50.7135,9.85698
50.7255,9.78513
50.7375,9.76597
50.7495,9.9911
50.7615,9.66299
50.7735,9.78274
50.7855,9.86177
50.7975,9.77555
50.8095,9.74681
50.8215,9.81866
50.8336,9.74681
50.8455,9.86177
50.8575,9.77555
50.8695,9.79232
50.8815,9.74921
50.8935,9.81866
50.9055,9.73723
50.9175,9.78034
50.9295,9.84261
50.9415,9.73484
50.9535,9.75639
50.9655,9.82824
50.9774,9.80669
50.9895,9.81627
51.0015,9.79471
51.0135,9.78513
51.0255,9.82106
51.0375,9.80429
51.0495,9.91686
51.0615,9.73723
51.0735,9.83304
51.0855,9.92165
51.0975,9.75639
51.1095,9.81627
51.1215,9.76358
51.1335,9.91207
51.1455,9.72047
51.1576,9.81387
51.1695,9.98631
51.1815,9.63664
51.1935,9.80908
51.2055,9.77076
51.2175,9.74921
51.2295,9.79471
51.2415,9.81866
51.2535,9.76597
51.2655,9.81627
51.2775,9.78753
51.2896,9.8474
51.3015,9.73244
51.3135,9.83782
51.3255,9.81387
51.3375,9.84501
51.3495,9.80429
51.3615,9.74442
51.3735,9.79711
51.3855,9.73723
51.3975,9.86177
51.4095,9.86656
51.4215,9.78992
51.4335,9.81387
51.4455,9.8019
51.4575,9.73723
51.4695,9.82106
51.4815,9.84261
51.4935,9.80429
51.5055,9.82585
51.5175,9.7995
51.5295,9.77555
51.5415,9.92165
51.5535,9.77316
51.5655,9.73005
51.5775,9.86177
51.5895,9.76118
51.6015,9.74681
51.6135,9.79232
51.6255,9.80669
51.6375,9.81866
51.6495,9.77316
51.6615,9.84261
51.6736,9.80669
51.6855,9.83064
51.6975,9.77555
51.7095,9.79232
51.7215,9.78992
51.7335,9.78274
51.7455,9.81627
51.7575,9.81866
51.7695,9.7995
51.7815,9.82824
51.7936,9.80429
51.8055,9.80669
51.8175,9.81866
51.8295,9.7995
51.8415,9.82585
51.8535,9.81387
51.8655,9.78274
51.8775,9.80429
51.8895,9.8953
51.9015,9.80429
51.9135,9.86177
51.9255,9.7995
51.9375,9.80908
51.9495,9.89051
51.9615,9.76358
51.9736,9.74681
51.9855,9.8474
51.9975,9.7995
52.0095,9.7061
52.0215,9.81148
52.0335,9.84261
52.0455,9.80669
52.0575,9.82106
52.0695,9.754
52.0815,9.78992
52.0935,9.91207
52.1055,9.79471
52.1175,9.80429
52.1295,9.77076
52.1415,9.78513
52.1535,9.81866
52.1655,9.81627
52.1775,9.7516
52.1896,9.85698
52.2016,9.79232
52.2135,9.7995
52.2255,9.78034
52.2375,9.90728
52.2495,9.77795
52.2615,9.84022
52.2735,9.78034
52.2855,9.86896
52.2975,9.74921
52.3095,9.81627
52.3215,9.81387
52.3335,9.79232
52.3455,9.86896
52.3575,9.78513
52.3695,9.82345
52.3815,9.81627
52.3935,9.79471
52.4055,9.79471
52.4175,9.87854
52.4295,9.82106
52.4415,9.77795
52.4536,9.8019
52.4655,9.82106
52.4775,9.78274
52.4895,9.80429
52.5015,9.754
52.5135,9.80908
52.5255,9.79711
52.5375,9.79711
52.5495,9.76118
52.5615,9.81627
52.5735,9.78513
52.5855,9.81148
52.5975,9.86656
52.6095,9.7995
52.6214,9.77076
52.6335,9.77316
52.6455,9.78753
52.6575,9.77316
52.6695,9.79711
52.6815,9.87135
52.6935,9.80908
52.7055,9.82345
52.7175,9.76597
52.7295,9.79471
52.7415,9.85459
52.7534,9.78753
52.7655,9.82106
52.7775,9.81866
52.7895,9.75879
52.8015,9.82106
52.8135,9.79232
52.8255,9.75879
52.8375,9.81387
52.8494,9.80429
52.8615,9.85459
52.8735,9.79471
52.8855,9.83304
52.8975,9.78992
52.9095,9.82345
52.9215,9.8019
52.9335,9.87614
52.9455,9.82824
52.9575,9.85459
52.9695,9.79711
52.9815,9.77795
52.9935,9.82106
53.0055,9.76118
53.0175,9.80429
53.0295,9.8498
53.0415,9.75639
53.0535,9.74202
53.0655,9.76837
53.0775,9.78753
53.0895,9.82585
53.1015,9.77795
53.1135,9.82345
53.1255,9.72047
53.1376,9.83304
53.1495,9.73484
53.1615,9.77795
53.1735,9.80429
53.1855,9.83064
53.1975,9.83543
53.2095,9.90009
53.2215,9.81387
53.2335,9.82106
53.2455,9.79232
53.2575,9.71568
53.2695,9.85459
53.2815,9.83304
53.2935,9.78034
53.3055,9.8977
53.3175,9.67736
53.3295,9.86656
53.3415,9.77795
53.3535,9.84501
53.3655,9.80669
53.3775,9.7995
53.3895,9.82824
53.4015,9.79711
53.4135,9.71568
53.4255,9.78274
53.4375,9.87614
53.4495,9.75879
53.4615,9.86417
53.4735,9.79471
53.4855,9.80908
53.4975,9.86177
53.5095,9.86417
53.5215,9.78034
53.5335,9.75639
53.5455,9.76597
53.5575,9.74442
53.5695,9.81627
53.5815,9.74681
53.5935,9.78274
53.6055,9.86177
53.6175,9.85219
53.6295,9.82106
53.6415,9.81148
53.6535,9.75639
53.6655,9.82106
53.6775,9.82345
53.6896,9.80429
53.7016,9.81627
53.7136,9.78513
53.7255,9.79471
53.7375,9.84261
53.7495,9.77076
53.7615,9.87614
53.7735,9.78034
53.7855,9.81387
53.7975,9.75879
53.8095,9.78513
53.8215,9.78513
53.8335,9.75639
53.8455,9.79471
53.8575,9.86177
53.8695,9.754
53.8815,9.89051
53.8935,9.78513
53.9055,9.85459
53.9175,9.84501
53.9295,9.77316
53.9415,9.89291
53.9535,9.71568
53.9656,9.78992
53.9775,9.76358
53.9895,9.77555
54.0015,9.78992
54.0135,9.81627
54.0255,9.80908
54.0375,9.86177
54.0495,9.86177
54.0615,9.8019
54.0735,9.81387
54.0855,9.8498
54.0975,9.79711
54.1095,9.88333
54.1215,9.754
54.1335,9.7995
54.1455,9.92883
54.1575,9.75879
54.1695,9.82585
54.1815,9.73963
54.1935,9.83782
54.2055,9.73963
54.2175,9.87135
54.2295,9.82106
54.2416,9.69412
54.2535,9.80908
54.2655,9.80669
54.2775,9.80669
54.2895,9.83064
54.3015,9.81866
54.3135,9.76597
54.3255,9.78274
54.3376,9.86656
54.3495,9.73963
54.3615,9.85219
54.3735,9.7061
54.3855,9.8474
54.3976,9.81627
54.4095,9.80429
54.4215,9.84022
54.4335,9.77795
54.4455,9.79232
54.4575,9.83304
54.4695,9.77555
54.4815,9.82106
54.4935,9.77555
54.5055,9.83304
54.5175,9.77316
54.5295,9.81148
54.5415,9.81866
54.5535,9.71568
54.5655,9.79232
54.5775,9.82106
54.5895,9.84501
54.6015,9.82585
54.6135,9.74202
54.6255,9.83782
54.6375,9.85938
54.6495,9.80669
54.6615,9.80908
54.6735,9.87135
54.6855,9.78992
54.6975,9.8019
54.7095,9.78513
54.7215,9.82585
54.7335,9.74442
54.7455,9.82824
54.7575,9.78513
54.7695,9.82345
54.7815,9.80908
54.7935,9.83304
54.8055,9.72765
54.8175,9.82106
54.8295,9.78274
54.8415,9.76597
54.8535,9.83304
54.8655,9.82345
54.8775,9.78753
54.8895,9.84022
54.9015,9.75879
54.9135,9.83064
54.9255,9.76597
54.9375,9.79711
54.9495,9.8019
54.9615,9.7516
54.9735,9.76358
54.9855,9.76597
54.9975,9.81627
55.0095,9.82585
55.0215,9.84261
55.0335,9.77555
55.0455,9.80669
55.0575,9.83782
55.0695,9.8019
55.0815,9.80429
55.0935,9.80429
55.1055,9.87135
55.1175,9.71568
55.1295,9.8977
55.1415,9.80908
55.1535,9.83304
55.1655,9.85938
55.1775,9.93123
55.1895,9.78753
55.2015,9.78753
55.2135,9.83782
55.2255,9.77795
55.2375,9.7995
55.2495,9.7995
55.2615,9.82585
55.2735,9.79471
55.2855,9.83782
55.2975,9.81148
55.3095,9.74202
55.3215,9.79711
55.3335,9.81627
55.3455,9.79232
55.3575,9.77076
55.3695,9.78753
55.3815,9.8498
55.3935,9.87375
55.4055,9.78034
55.4175,9.76118
55.4295,9.754
55.4415,9.76118
55.4535,9.82824
55.4655,9.7995
55.4775,9.72765
55.4895,9.86896
55.5016,9.7995
55.5135,9.86417
55.5255,9.82106
55.5375,9.7995
55.5495,9.80429
55.5615,9.80429
55.5735,9.82345
55.5855,9.83782
55.5975,9.80908
55.6095,9.89051
55.6215,9.83064
55.6335,9.83304
55.6455,9.7516
55.6575,9.78753
55.6695,9.82585
55.6816,9.83543
55.6935,9.82585
55.7056,9.90009
55.7175,9.81148
55.7295,9.80429
55.7415,9.78753
55.7535,9.7995
55.7655,9.81148
55.7775,9.88573
55.7895,9.78034
55.8015,9.83064
55.8135,9.77076
55.8255,9.89051
55.8375,9.76358
55.8494,9.81148
55.8615,9.83064
55.8735,9.7516
55.8855,9.79711
55.8975,9.76358
55.9095,9.8019
55.9215,9.84501
55.9335,9.87375
55.9455,9.8019
55.9575,9.82345
55.9695,9.77795
55.9815,9.7995
55.9936,9.77076
56.0056,9.77555
56.0176,9.79232
56.0296,9.8019
56.0415,9.76597
56.0536,9.8474
56.0655,9.82106
56.0776,9.80669
56.0895,9.80669
56.1015,9.82585
56.1135,9.82824
56.1256,9.83543
56.1375,9.79711
56.1495,9.81387
56.1615,9.78034
56.1735,9.78034
56.1855,9.79232
56.1975,9.83064
56.2095,9.88093
56.2215,9.76597
56.2335,9.80429
56.2455,9.80429
56.2575,9.77795
56.2695,9.83782
56.2815,9.77076
56.2935,9.78034
56.3055,9.87614
56.3175,9.83064
56.3295,9.81627
56.3415,9.81148
56.3535,9.85938
56.3655,9.90967
56.3775,9.79471
56.3895,9.82106
56.4015,9.78992
56.4135,9.80669
56.4255,9.77555
56.4376,9.75639
56.4495,9.81387
56.4614,9.85459
56.4735,9.84261
56.4855,9.80669
56.4975,9.81866
56.5095,9.78513
56.5215,9.88093
56.5335,9.85459
56.5455,9.80908
56.5575,9.88333
56.5695,9.82585
56.5815,9.80908
56.5935,9.75639
56.6055,9.76837
56.6175,9.77316
56.6295,9.81148
56.6415,9.77795
56.6536,9.7995
56.6655,9.79232
56.6776,9.78992
56.6895,9.84501
56.7015,9.80429
56.7135,9.78992
56.7255,9.81627
56.7375,9.78274
56.7495,9.8953
56.7615,9.88333
56.7735,9.82106
56.7856,9.77795
56.7976,9.84261
56.8095,9.83304
56.8215,9.87614
56.8336,9.8019
56.8455,9.76597
56.8575,9.78992
56.8695,9.84261
56.8815,9.79232
56.8935,9.84501
56.9055,9.83064
56.9175,9.72526
56.9295,9.73484
56.9415,9.82824
56.9535,9.74202
56.9655,9.86656
56.9775,9.7995
56.9894,9.8953
57.0015,9.83782
57.0136,9.90967
57.0255,9.81387
57.0375,9.81627
57.0495,9.81148
57.0615,9.80429
57.0735,9.79232
57.0854,9.85459
57.0975,9.78274
57.1095,9.82345
57.1215,9.88573
57.1335,9.82824
57.1455,9.72765
57.1575,9.87614
57.1695,9.79232
57.1815,9.78274
57.1935,9.78513
57.2054,9.77316
57.2175,9.80669
57.2295,9.82106
57.2415,9.75639
57.2535,9.84022
57.2655,9.81627
57.2775,9.76358
57.2895,9.85219
57.3015,9.73723
57.3135,9.80429
57.3255,9.83543
57.3375,9.77795
57.3494,9.83543
57.3615,9.82585
57.3735,9.81627
57.3855,9.82824
57.3975,9.77795
57.4095,9.77076
57.4215,9.87375
57.4335,9.79471
57.4455,9.85938
57.4575,9.72047
57.4695,9.86896
57.4815,9.81148
57.4935,9.8019
57.5055,9.87614
57.5175,9.72765
57.5295,9.8019
57.5415,9.80429
57.5535,9.84501
57.5655,9.82106
57.5775,9.81866
57.5895,9.78992
57.6015,9.90249
57.6135,9.91686
57.6255,9.78753
57.6375,9.78274
57.6495,9.8019
57.6615,9.81866
57.6735,9.77316
57.6855,9.81387
57.6975,9.84261
57.7095,9.79471
57.7215,9.76118
57.7335,9.78274
57.7455,9.85219
57.7575,9.74202
57.7695,9.80429
57.7815,9.85938
57.7935,9.76837
57.8055,9.85459
57.8175,9.81148
57.8295,9.74681
57.8415,9.81148
57.8535,9.8019
57.8655,9.77316
57.8775,9.85219
57.8895,9.83304
57.9015,9.80908
57.9135,9.81148
57.9255,9.78513
57.9375,9.78992
57.9495,9.8474
57.9615,9.83782
57.9735,9.85219
57.9855,9.78034
57.9975,9.8474
58.0095,9.84022
58.0215,9.77316
58.0336,9.80908
58.0455,9.84501
58.0575,9.80669
58.0695,9.83064
58.0815,9.82345
58.0935,9.81148
58.1055,9.7995
58.1175,9.85459
58.1295,9.82824
58.1415,9.79471
58.1535,9.78753
58.1655,9.80908
58.1775,9.84261
58.1895,9.85459
58.2015,9.80429
58.2135,9.81627
58.2255,9.77795
58.2375,9.83064
58.2496,9.87854
58.2616,9.7995
58.2735,9.84022
58.2856,9.7995
58.2975,9.80669
58.3095,9.78753
58.3215,9.8019
58.3335,9.81148
58.3455,9.83304
58.3575,9.78753
58.3695,9.82345
58.3815,9.82106
58.3935,9.80669
58.4055,9.82824
58.4175,9.81387
58.4295,9.82345
58.4416,9.77076
58.4535,9.85459
58.4655,9.74681
58.4775,9.82345
58.4895,9.73005
58.5015,9.85459
58.5135,9.78753
58.5255,9.86656
58.5375,9.83782
58.5495,9.81387
58.5615,9.80908
58.5735,9.78274
58.5855,9.77555
58.5975,9.72765
58.6095,9.78753
58.6215,9.83304
58.6335,9.84022
58.6455,9.80908
58.6575,9.7995
58.6695,9.81627
58.6815,9.83782
58.6935,9.82106
58.7055,9.78992
58.7175,9.84022
58.7295,9.8019
58.7415,9.81387
58.7535,9.78753
58.7655,9.82824
58.7775,9.85219
58.7895,9.83064
58.8016,9.80908
58.8135,9.8474
58.8255,9.78753
58.8375,9.80669
58.8495,9.82824
58.8615,9.74921
58.8735,9.81627
58.8855,9.79471
58.8975,9.8474
58.9095,9.82106
58.9215,9.80908
58.9336,9.77316
58.9455,9.81387
58.9575,9.78992
58.9695,9.8498
58.9815,9.79711
58.9935,9.85219
59.0055,9.76118
59.0175,9.88333
59.0295,9.82345
59.0415,9.78992
59.0535,9.79711
59.0655,9.84022
59.0775,9.82585
59.0895,9.85219
59.1015,9.84022
59.1135,9.74442
59.1255,9.84261
59.1375,9.83543
59.1495,9.82824
59.1615,9.84022
59.1735,9.78034
59.1855,9.81148
59.1975,9.87614
59.2095,9.81387
59.2215,9.81387
59.2335,9.8019
59.2455,9.86417
59.2575,9.82585
59.2695,9.8019
59.2816,9.84022
59.2936,9.83064
59.3055,9.81387
59.3175,9.79711
59.3295,9.78992
59.3415,9.72526
59.3535,9.90249
59.3655,9.80429
59.3775,9.79232
59.3895,9.80908
59.4015,9.81627
59.4135,9.71807
59.4255,9.83304
59.4375,9.84501
59.4495,9.78034
59.4615,9.7995
59.4735,9.85219
59.4855,9.8498
59.4976,9.77076
59.5095,9.80908
59.5215,9.83782
59.5335,9.76597
59.5455,9.83543
59.5575,9.8498
59.5695,9.78034
59.5815,9.74921
59.5935,9.83782
59.6055,9.76837
59.6175,9.7995
59.6295,9.83782
59.6415,9.81627
59.6535,9.81627
59.6655,9.79471
59.6775,9.81627
59.6895,9.80908
59.7015,9.78992
59.7135,9.80669
59.7255,9.78992
59.7375,9.79711
59.7495,9.78992
59.7615,9.80908
59.7735,9.86896
59.7855,9.82824
59.7975,9.78034
59.8095,9.7995
59.8215,9.78753
59.8335,9.81627
59.8455,9.90009
59.8575,9.81148
59.8695,9.86896
59.8815,9.84022
59.8935,9.90009
59.9055,9.78274
59.9175,9.79711
59.9295,9.8019
59.9415,9.81627
59.9535,9.76358
59.9655,9.84261
59.9775,9.7516
59.9895,9.85698
60.0015,9.86177
60.0135,9.80429
60.0255,9.81148
60.0376,9.79711
60.0496,9.79232
60.0615,9.75639
60.0735,9.81387
60.0855,9.77795
60.0975,9.80669
60.1095,9.82585
60.1215,9.75639
60.1335,9.81148
60.1455,9.77316
60.1575,9.78034
60.1695,9.82824
60.1815,9.78274
60.1935,9.75639
60.2055,9.84501
60.2175,9.82106
60.2295,9.86417
60.2415,9.83304
60.2535,9.76358
60.2655,9.84261
60.2775,9.84261
60.2895,9.8019
60.3015,9.78034
60.3135,9.77795
60.3255,9.77316
60.3375,9.87375
60.3495,9.83064
60.3615,9.73963
60.3735,9.82585
60.3855,9.83782
60.3975,9.86177
60.4095,9.81148
60.4215,9.8019
60.4335,9.83782
60.4455,9.84022
60.4575,9.76597
60.4695,9.80908
60.4815,9.78274
60.4935,9.83064
60.5055,9.75639
60.5175,9.78274
60.5294,9.78992
60.5415,9.8019
60.5535,9.82585
60.5655,9.85219
60.5775,9.80669
60.5895,9.81387
60.6015,9.78034
60.6135,9.77316
60.6255,9.85219
60.6375,9.81387
60.6495,9.83064
60.6615,9.76118
60.6735,9.83782
60.6855,9.85938
60.6975,9.77076
60.7095,9.81627
60.7215,9.8474
60.7335,9.78034
60.7455,9.72765
60.7575,9.87375
60.7695,9.79471
60.7815,9.78992
60.7935,9.81387
60.8055,9.79711
60.8175,9.86177
60.8295,9.77795
60.8415,9.84022
60.8536,9.80429
60.8655,9.73005
60.8775,9.83543
60.8895,9.77316
60.9015,9.76358
60.9135,9.84501
60.9255,9.84501
60.9375,9.79471
60.9495,9.82345
60.9615,9.81387
60.9735,9.74442
60.9855,9.72765
60.9975,9.8019
61.0095,9.78992
61.0215,9.83543
61.0335,9.80908
61.0455,9.74921
61.0575,9.84022
61.0695,9.81148
61.0815,9.7995
61.0935,9.82106
61.1055,9.73723
61.1175,9.79711
61.1295,9.83304
61.1415,9.78274
61.1535,9.79232
61.1655,9.83543
61.1775,9.82824
61.1895,9.78992
61.2015,9.8019
61.2135,9.75639
61.2255,9.8019
61.2375,9.77555
61.2494,9.81866
61.2615,9.81627
61.2735,9.87614
61.2855,9.8019
61.2975,9.82345
61.3095,9.79471
61.3215,9.80429
61.3335,9.79711
61.3455,9.83064
61.3575,9.78753
61.3695,9.8474
61.3815,9.79232
61.3935,9.78034
61.4055,9.81866
61.4175,9.82345
61.4295,9.76118
61.4415,9.80429
61.4535,9.81387
61.4655,9.75639
61.4776,9.74442
61.4895,9.85698
61.5015,9.86417
61.5135,9.87614
61.5255,9.79471
61.5375,9.80429
61.5495,9.79232
61.5615,9.80429
61.5735,9.81148
61.5855,9.83782
61.5975,9.82824
61.6095,9.81866
61.6215,9.82585
61.6336,9.80669
61.6455,9.81148
61.6575,9.86417
61.6695,9.76837
61.6815,9.81627
61.6935,9.81148
61.7055,9.76597
61.7175,9.78513
61.7295,9.7516
61.7416,9.83304
61.7535,9.8498
61.7655,9.76597
61.7775,9.80669
61.7895,9.78753
61.8015,9.81866
61.8135,9.77795
61.8255,9.83782
61.8375,9.82106
61.8495,9.79232
61.8615,9.75639
61.8735,9.77795
61.8855,9.8019
61.8975,9.76597
61.9096,9.83304
61.9215,9.84022
61.9335,9.82106
61.9455,9.78992
61.9575,9.84261
61.9695,9.8019
61.9815,9.8474
61.9935,9.81387
62.0056,9.82345
62.0175,9.79232
62.0295,9.83782
62.0415,9.80669
62.0535,9.80908
62.0655,9.89291
62.0775,9.76358
62.0895,9.77076
62.1015,9.77316
62.1135,9.73244
62.1255,9.87854
62.1376,9.73005
62.1495,9.81148
62.1615,9.83782
62.1735,9.7995
62.1856,9.83064
62.1976,9.80429
62.2095,9.80908
62.2215,9.82345
62.2335,9.79711
62.2455,9.83304
62.2575,9.83782
62.2695,9.78753
62.2815,9.8019
62.2935,9.85938
62.3055,9.76597
62.3175,9.82106
62.3296,9.82106
62.3415,9.83782
62.3535,9.8498
62.3655,9.8498
62.3775,9.78753
62.3895,9.77316
62.4015,9.79471
62.4135,9.81627
62.4255,9.85698
62.4376,9.72765
62.4495,9.76597
62.4615,9.78753
62.4735,9.83064
62.4855,9.82106
62.4975,9.83304
62.5095,9.85698
62.5215,9.84261
62.5335,9.78753
62.5455,9.80908
62.5575,9.81627
62.5695,9.83304
62.5815,9.82345
62.5934,9.79232
62.6055,9.82585
62.6176,9.79232
62.6296,9.83304
62.6415,9.87854
62.6535,9.77555
62.6655,9.84261
62.6775,9.79711
62.6895,9.82345
62.7015,9.88093
62.7135,9.81148
62.7255,9.85219
62.7375,9.77076
62.7495,9.754
62.7615,9.84261
62.7735,9.79471
62.7855,9.77076
62.7975,9.8474
62.8095,9.75879
62.8215,9.85698
62.8335,9.79232
62.8455,9.88812
62.8574,9.81866
62.8695,9.77076
62.8815,9.86896
62.8935,9.80429
62.9055,9.72286
62.9175,9.8498
62.9295,9.77555
62.9415,9.81148
62.9534,9.82345
62.9655,9.80669
62.9775,9.8498
62.9895,9.79711
63.0015,9.83304
63.0135,9.74681
63.0255,9.78753
63.0375,9.78992
63.0495,9.77555
63.0615,9.84022
63.0735,9.86417
63.0855,9.82824
63.0975,9.8019
63.1095,9.84022
63.1215,9.83304
63.1335,9.78513
63.1455,9.79471
63.1575,9.74921
63.1695,9.78513
63.1815,9.86896
63.1935,9.77316
63.2055,9.7995
63.2175,9.79232
63.2295,9.80429
63.2415,9.78274
63.2535,9.78274
63.2655,9.84501
63.2775,9.82585
63.2895,9.75879
63.3015,9.82824
63.3135,9.77076
63.3255,9.79471
63.3375,9.78274
63.3495,9.79232
63.3615,9.80429
63.3735,9.81148
63.3855,9.79471
63.3975,9.84261
63.4095,9.84501
63.4215,9.83064
63.4335,9.80908
63.4455,9.81148
63.4575,9.79232
63.4695,9.83543
63.4815,9.78992
63.4935,9.84022
63.5055,9.81387
63.5175,9.87854
63.5295,9.84501
63.5415,9.78513
63.5535,9.87375
63.5655,9.81627
63.5775,9.81387
63.5895,9.78992
63.6015,9.82585
63.6135,9.82345
63.6255,9.81387
63.6375,9.76597
63.6495,9.81866
63.6615,9.86177
63.6735,9.75639
63.6855,9.78034
63.6975,9.73963
63.7095,9.83543
63.7215,9.81866
63.7335,9.82106
63.7455,9.83304
63.7575,9.77316
63.7695,9.81148
63.7815,9.84022
63.7936,9.83064
63.8055,9.82824
63.8175,9.75879
63.8295,9.79232
63.8415,9.83064
63.8535,9.86417
63.8655,9.83304
63.8775,9.77076
63.8895,9.82345
63.9015,9.77555
63.9135,9.79471
63.9255,9.86177
63.9376,9.77076
63.9496,9.83304
63.9615,9.91446
63.9735,9.79471
63.9855,9.82345
63.9975,9.82345
64.0095,9.78992
64.0215,9.78513
64.0335,9.80429
64.0455,9.83543
64.0575,9.76837
64.0695,9.80908
64.0816,9.8019
64.0935,9.78992
64.1056,9.77316
64.1176,9.81148
64.1296,9.77555
64.1415,9.82585
64.1535,9.76837
64.1655,9.87375
64.1775,9.79711
64.1895,9.78753
64.2015,9.90009
64.2135,9.77795
64.2255,9.82585
64.2375,9.82106
64.2495,9.80669
64.2615,9.81387
64.2735,9.80908
64.2855,9.85459
64.2975,9.77076
64.3095,9.80908
64.3215,9.83304
64.3335,9.79471
64.3455,9.85698
64.3576,9.83782
64.3695,9.83782
64.3816,9.82345
64.3935,9.72286
64.4055,9.85459
64.4175,9.78034
64.4295,9.86177
64.4415,9.74681
64.4535,9.83782
64.4655,9.81866
64.4775,9.77795
64.4895,9.84022
64.5015,9.80669
64.5135,9.78992
64.5255,9.80669
64.5375,9.73963
64.5495,9.80429
64.5615,9.82824
64.5735,9.83543
64.5855,9.73963
64.5975,9.83304
64.6095,9.73963
64.6215,9.85219
64.6335,9.8019
64.6455,9.85698
64.6575,9.7995
64.6695,9.80908
64.6815,9.7061
64.6935,9.85459
64.7055,9.72286
64.7175,9.91925
64.7295,9.77316
64.7415,9.88333
64.7535,9.7516
64.7655,9.79471
64.7775,9.74681
64.7895,9.79232
64.8014,9.84022
64.8135,9.7516
64.8255,9.75639
64.8375,9.7516
64.8495,9.8019
64.8615,9.82106
64.8735,9.79471
64.8855,9.81387
64.8975,9.77795
64.9095,9.78992
64.9215,9.7995
64.9335,9.85459
64.9455,9.83304
64.9575,9.7995
64.9695,9.7995
64.9815,9.83782
64.9935,9.78513
65.0055,9.86177
65.0175,9.82824
65.0295,9.79471
65.0415,9.85219
65.0535,9.8019
65.0655,9.8498
65.0775,9.76118
65.0895,9.85219
65.1015,9.79471
65.1135,9.83064
65.1255,9.79471
65.1375,9.7516
65.1495,9.90728
65.1616,9.71568
65.1735,9.92404
65.1855,9.68215
65.1975,9.89051
65.2095,9.68215
65.2215,9.93123
65.2335,9.68215
65.2455,9.91207
65.2575,9.78274
65.2695,9.82106
65.2815,9.86656
65.2935,9.79232
65.3055,9.87614
65.3175,9.73963
65.3295,9.90249
65.3415,9.82585
65.3536,9.83543
65.3655,9.89291
65.3775,9.78753
65.3895,9.88573
65.4015,9.83304
65.4135,9.84501
65.4255,9.77555
65.4375,9.82345
65.4495,9.75639
65.4615,9.86177
65.4735,9.79711
65.4855,9.82585
65.4975,9.81866
65.5095,9.80908
65.5215,9.80669
65.5335,9.78753
65.5455,9.81627
65.5575,9.79471
65.5695,9.74921
65.5815,9.83543
65.5935,9.80429
65.6055,9.74442
65.6175,9.82824
65.6295,9.82824
65.6415,9.85938
65.6535,9.79471
65.6655,9.84261
65.6775,9.82585
65.6895,9.80908
65.7015,9.80669
65.7135,9.80908
65.7255,9.79711
65.7375,9.82345
65.7495,9.79711
65.7615,9.83543
65.7735,9.84261
65.7855,9.78753
65.7975,9.77076
65.8095,9.84261
65.8215,9.82585
65.8336,9.79711
65.8456,9.86656
65.8575,9.82345
65.8695,9.79471
65.8815,9.81148
65.8935,9.8019
65.9055,9.76118
65.9175,9.85219
65.9295,9.74442
65.9415,9.8498
65.9535,9.73005
65.9655,9.92883
65.9775,9.69412
65.9895,9.84501
66.0015,9.77076
66.0135,9.81866
66.0255,9.82345
66.0375,9.72765
66.0495,9.82824
66.0615,9.76118
66.0735,9.82585
66.0855,9.82345
66.0975,9.83064
66.1095,9.77076
66.1215,9.86656
66.1335,9.86177
66.1455,9.83782
66.1575,9.88333
66.1695,9.83064
66.1815,9.81387
66.1935,9.89291
66.2055,9.85698
66.2175,9.76597
66.2295,9.85219
66.2415,9.85219
66.2535,9.77795
66.2655,9.80429
66.2775,9.79471
66.2895,9.78753
66.3015,9.7995
66.3135,9.83543
66.3255,9.77795
66.3374,9.83304
66.3495,9.76358
66.3615,9.78992
66.3735,9.73963
66.3855,9.75639
66.3975,9.73484
66.4095,9.8498
66.4215,9.77076
66.4335,9.74921
66.4455,9.85459
66.4575,9.76837
66.4695,9.87854
66.4815,9.76597
66.4935,9.88573
66.5055,9.63664
66.5175,9.85459
66.5294,9.80908
66.5415,9.70849
66.5535,9.86656
66.5655,9.63425
66.5775,9.83782
66.5895,9.76597
66.6015,9.83782
66.6135,9.78274
66.6255,9.84261
66.6375,9.74202
66.6495,9.77076
66.6615,9.7516
66.6735,9.81627
66.6855,9.74681
66.6974,9.93123
66.7095,9.74921
66.7215,9.80429
66.7335,9.77795
66.7455,9.78753
66.7575,9.81866
66.7695,9.84501
66.7815,9.77795
66.7935,9.83304
66.8055,9.85459
66.8175,9.78513
66.8295,9.73963
66.8415,9.88093
66.8535,9.84501
66.8655,9.82824
66.8775,9.8498
66.8895,9.8498
66.9015,9.82345
66.9135,9.7995
66.9255,9.80429
66.9375,9.78274
66.9495,9.8019
66.9615,9.8953
66.9735,9.83304
66.9855,9.77076
66.9975,9.83304
67.0095,9.78513
67.0215,9.8019
67.0335,9.7995
67.0455,9.83782
67.0575,9.82585
67.0695,9.74921
67.0815,9.75639
67.0935,9.80429
67.1055,9.84501
67.1175,9.86656
67.1295,9.78753
67.1415,9.82585
67.1535,9.83064
67.1655,9.86656
67.1775,9.76597
67.1895,9.82106
67.2014,9.80908
67.2135,9.78992
67.2255,9.85698
67.2375,9.79232
67.2495,9.78274
67.2615,9.79232
67.2735,9.84501
67.2855,9.66538
67.2975,10.0246
67.3095,9.64143
67.3215,9.81387
67.3335,9.86656
67.3455,9.73244
67.3575,9.76118
67.3695,9.76358
67.3815,9.80429
67.3935,9.72286
67.4055,9.94081
67.4175,9.68694
67.4295,9.87375
67.4415,9.83304
67.4535,9.81148
67.4655,9.88573
67.4776,9.80908
67.4895,9.86656
67.5015,9.76358
67.5135,9.87854
67.5255,9.77076
67.5375,9.84501
67.5495,9.78513
67.5615,9.85698
67.5735,9.78513
67.5855,9.83304
67.5975,9.81148
67.6095,9.80908
67.6215,9.73963
67.6335,9.97673
67.6455,9.7037
67.6575,9.74442
67.6695,9.77555
67.6815,9.72047
67.6935,9.91686
67.7055,9.80429
67.7175,9.96716
67.7296,9.75639
67.7415,9.82824
67.7535,9.81387
67.7655,9.78753
67.7775,9.84501
67.7895,9.83782
67.8015,9.77316
67.8135,9.83782
67.8255,9.86656
67.8375,9.85698
67.8494,9.74442
67.8615,9.66778
67.8735,9.78034
67.8855,9.85459
67.8974,9.78992
67.9095,9.81866
67.9215,9.73244
67.9335,9.82345
67.9455,9.75879
67.9575,9.74442
67.9695,9.83782
67.9815,9.83543
67.9935,9.7995
68.0055,9.77316
68.0175,9.8498
68.0295,9.67017
68.0415,9.95518
68.0535,9.66538
68.0655,9.8977
68.0775,9.78034
68.0895,9.77795
68.1015,9.91207
68.1135,9.66538
68.1256,9.88093
68.1375,9.71568
68.1495,9.86417
68.1615,9.76118
68.1735,9.86417
68.1855,9.8498
68.1975,9.77316
68.2095,9.77316
68.2215,9.83304
68.2335,9.88812
68.2455,9.74442
68.2575,9.77316
68.2695,9.90249
68.2815,9.76118
68.2935,9.84261
68.3055,9.75879
68.3175,9.92404
68.3295,9.79232
68.3415,9.84501
68.3535,9.79232
68.3655,9.81387
68.3775,9.81387
68.3895,9.85219
68.4015,9.87135
68.4135,9.85459
68.4255,9.60311
68.4375,10.039
68.4494,9.63904
68.4615,9.96236
68.4735,9.77795
68.4855,9.79711
68.4976,9.8474
68.5095,9.74442
68.5215,9.9432
68.5335,9.62946
68.5454,9.88812
68.5575,9.7995
68.5695,9.81627
68.5815,9.82585
68.5935,9.74921
68.6055,9.8498
68.6175,10.0103
68.6295,9.66299
68.6415,9.88093
68.6535,9.89291
68.6655,9.86656
68.6775,9.79711
68.6895,9.78034
68.7015,9.82585
68.7135,9.81627
68.7255,9.7516
68.7375,9.88093
68.7495,9.754
68.7615,9.8474
68.7735,9.81627
68.7855,9.82106
68.7975,9.89051
68.8095,9.78274
68.8214,9.84022
68.8335,9.8019
68.8455,9.86417
68.8575,9.88333
68.8695,9.74681
68.8816,9.81387
68.8935,9.81866
68.9055,9.72526
68.9175,9.88573
68.9295,9.81866
68.9416,9.72765
68.9535,9.89291
68.9655,9.70131
68.9775,9.90488
68.9895,9.67257
69.0015,9.92644
69.0135,9.76358
69.0255,9.86417
69.0375,9.85698
69.0495,9.73484
69.0615,9.8474
69.0735,9.74442
69.0855,9.78513
69.0975,9.86656
69.1095,9.8498
69.1215,9.80669
69.1335,9.78274
69.1455,9.81148
69.1575,9.86656
69.1695,9.78753
69.1815,9.82106
69.1935,9.83543
69.2055,9.7995
69.2175,9.87854
69.2295,9.7516
69.2415,9.85219
69.2535,9.78034
69.2655,9.85219
69.2775,9.78753
69.2895,9.7995
69.3015,9.72765
69.3135,9.86417
69.3255,9.7061
69.3375,9.91686
69.3495,9.75879
69.3615,9.85219
69.3735,9.79471
69.3855,9.78274
69.3975,9.81866
69.4095,9.80908
69.4215,9.72526
69.4335,9.8977
69.4455,9.8019
69.4575,9.83782
69.4695,9.82824
69.4815,9.78274
69.4935,9.87614
69.5055,9.69412
69.5175,9.86656
69.5295,9.84261
69.5415,9.73963
69.5535,9.96476
69.5655,9.71807
69.5775,9.85938
69.5895,9.79711
69.6015,9.85938
69.6135,9.75879
69.6255,9.8498
69.6375,9.78992
69.6495,9.7995
69.6615,9.72526
69.6735,9.72765
69.6855,9.92644
69.6975,9.66538
69.7095,9.98392
69.7215,9.71568
69.7335,9.78992
69.7455,9.79232
69.7575,9.72526
69.7695,9.85459
69.7815,9.76597
69.7935,9.88573
69.8055,9.75639
69.8175,9.90967
69.8295,9.83064
69.8415,9.74921
69.8535,9.78753
69.8655,9.74681
69.8775,9.90488
69.8895,9.74442
69.9015,9.87375
69.9136,9.73484
69.9255,9.7995
69.9375,9.81866
69.9496,9.82106
69.9615,9.85698
69.9735,9.7995
69.9855,9.85938
69.9975,9.78753
70.0095,9.81387
70.0215,9.77316
70.0335,9.82824
70.0455,9.90009
70.0575,9.84261
70.0696,9.82585
70.0816,9.7516
70.0935,9.90009
70.1055,9.79711
70.1175,9.80908
70.1295,9.81627
70.1415,9.7061
70.1536,9.84261
70.1655,9.80669
70.1775,9.75639
70.1895,9.81387
70.2015,9.80908
70.2135,9.8019
70.2255,9.77316
70.2375,9.73005
70.2495,9.82106
70.2615,9.79232
70.2735,9.81148
70.2855,9.86177
70.2975,9.77076
70.3095,9.78992
70.3214,9.84022
70.3335,9.81627
70.3455,9.77795
70.3576,9.80429
70.3695,9.81148
70.3815,9.78034
70.3935,9.83782
70.4055,9.78753
70.4175,9.80669
70.4295,9.83064
70.4415,9.76358
70.4535,9.86896
70.4655,9.77795
70.4775,9.82106
70.4895,9.8019
70.5015,9.77795
70.5135,9.81387
70.5255,9.79711
70.5375,9.77076
70.5495,9.79232
70.5615,9.82106
70.5735,9.82585
70.5855,9.74921
70.5975,9.79711
70.6095,9.78034
70.6215,9.82585
70.6335,9.77316
70.6455,9.8474
70.6575,9.77076
70.6695,9.86656
70.6815,9.83304
70.6935,9.94799
70.7055,9.7516
70.7175,9.72765
70.7295,9.8474
70.7415,9.79471
70.7535,9.79471
70.7655,9.83064
70.7775,9.70849
70.7895,9.78513
70.8015,9.78513
70.8135,9.86177
70.8255,9.85938
70.8375,9.79232
70.8495,9.83064
70.8615,9.81148
70.8735,9.85938
70.8856,9.72765
70.8975,9.78513
70.9095,9.79232
70.9215,9.80429
70.9335,9.82585
70.9455,9.82585
70.9575,9.76358
70.9695,9.86417
70.9815,9.80908
70.9935,9.79711
71.0055,9.77076
71.0176,9.86177
71.0295,9.82824
71.0415,9.73005
71.0535,9.78034
71.0655,9.84261
71.0775,9.83543
71.0895,9.76597
71.1015,9.82345
71.1135,9.79232
71.1255,9.87375
71.1375,9.73963
71.1495,9.79232
71.1615,9.78274
71.1735,9.82106
71.1856,9.76118
71.1975,9.81148
71.2095,9.78034
71.2215,9.79471
71.2335,9.85698
71.2455,9.79471
71.2576,9.8953
71.2695,9.72526
71.2815,9.76358
71.2935,9.82106
71.3056,9.76118
71.3175,9.83064
71.3295,9.85459
71.3415,9.79711
71.3535,9.77555
71.3655,9.82824
71.3775,9.7516
71.3895,9.79232
71.4015,9.82824
71.4135,9.85698
71.4255,9.82824
71.4375,9.74681
71.4495,9.7516
71.4615,9.84501
71.4735,9.81866
71.4855,9.82106
71.4975,9.73244
71.5095,9.84501
71.5215,9.754
71.5335,9.78513
71.5455,9.7995
71.5575,9.81148
71.5695,9.82345
71.5815,9.82585
71.5935,9.85698
71.6055,9.72765
71.6175,9.8498
71.6295,9.74681
71.6415,9.87375
71.6535,9.78274
71.6655,9.76837
71.6775,9.79471
71.6895,9.83543
71.7015,9.82824
71.7135,9.84022
71.7255,9.78274
71.7375,9.8019
71.7495,9.8019
71.7615,9.77316
71.7735,9.76118
71.7855,9.8019
71.7975,9.84261
71.8095,9.754
71.8215,9.83543
71.8335,9.81866
71.8455,9.81387
71.8575,9.77316
71.8695,9.82345
71.8815,9.89051
71.8935,9.8019
71.9055,9.83782
71.9175,9.87854
71.9295,9.8953
71.9415,9.83543
71.9535,9.91207
71.9655,9.76118
71.9775,9.84022
71.9895,9.76597
72.0015,9.90249
72.0135,9.82345
72.0255,9.82106
72.0375,9.79711
72.0495,9.81866
72.0615,9.83304
72.0735,9.80908
72.0855,9.79232
72.0975,9.7516
72.1095,9.82585
72.1215,9.77795
72.1335,9.87375
72.1455,9.73723
72.1575,9.84022
72.1695,9.79711
72.1815,9.72765
72.1935,9.78753
72.2055,9.84501
72.2175,9.7516
72.2295,9.77076
72.2415,9.87135
72.2535,9.81148
72.2655,9.83543
72.2775,9.81866
72.2895,9.82585
72.3015,9.81627
72.3135,9.78992
72.3255,9.85219
72.3375,9.71807
72.3495,9.85459
72.3615,9.81387
72.3735,9.76837
72.3855,9.82585
72.3975,9.81627
72.4095,9.79711
72.4215,9.79711
72.4335,9.87135
72.4455,9.77076
72.4576,9.81148
72.4696,9.78034
72.4815,9.82585
72.4935,9.78274
72.5055,9.7995
72.5175,9.79232
72.5295,9.80429
72.5415,9.78992
72.5535,9.90967
72.5655,9.76837
72.5775,9.74921
72.5895,9.79232
72.6015,9.81387
72.6135,9.85459
72.6255,9.76358
72.6375,9.81148
72.6495,9.8019
72.6615,9.83064
72.6735,9.77316
72.6855,9.7516
72.6975,9.77795
72.7096,9.84501
72.7215,9.76597
72.7335,9.8498
72.7455,9.81866
72.7575,9.88093
72.7695,9.82106
72.7815,9.80429
72.7935,9.80429
72.8055,9.77555
72.8175,9.81148
72.8295,9.79711
72.8415,9.82824
72.8536,9.83304
72.8655,9.754
72.8775,9.80429
72.8895,9.82106
72.9015,9.85219
72.9135,9.78274
72.9255,9.73723
72.9375,9.80908
72.9495,9.78034
72.9615,9.82585
72.9735,9.84022
72.9855,9.78753
72.9975,9.82106
73.0095,9.81148
73.0215,9.77795
73.0335,9.83064
73.0455,9.79471
73.0574,9.83064
73.0695,9.81387
73.0815,9.81387
73.0935,9.85938
73.1055,9.80908
73.1175,9.76358
73.1295,9.81148
73.1415,9.83782
73.1535,9.82585
73.1655,9.79711
73.1775,9.77795
73.1895,9.85938
73.2016,9.77795
73.2136,9.86417
73.2255,9.78513
73.2375,9.77316
73.2496,9.76837
73.2616,9.82106
73.2736,9.82106
73.2855,9.74442
73.2975,9.75639
73.3095,9.83064
73.3215,9.77316
73.3335,9.83304
73.3455,9.82345
73.3575,9.85459
73.3695,9.87614
73.3815,9.83543
73.3935,9.8498
73.4055,9.80429
73.4175,9.87854
73.4295,9.82585
73.4415,9.8019
73.4535,9.78753
73.4655,9.78274
73.4775,9.75639
73.4895,9.81627
73.5015,9.78034
73.5135,9.80908
73.5255,9.83782
73.5375,9.74921
73.5495,9.75639
73.5616,9.78274
73.5735,9.77555
73.5855,9.83782
73.5975,9.76358
73.6095,9.71807
73.6215,9.82345
73.6335,9.79471
73.6455,9.754
73.6575,9.83543
73.6695,9.74442
73.6816,9.82106
73.6935,9.82106
73.7055,9.72286
73.7175,9.79471
73.7295,9.79471
73.7415,9.79232
73.7535,9.78513
73.7655,9.8474
73.7775,9.82106
73.7895,9.8498
73.8015,9.85698
73.8135,9.87135
73.8255,9.77795
73.8375,9.78034
73.8495,9.79471
73.8615,9.86896
73.8736,9.82824
73.8856,9.7995
73.8975,9.73963
73.9095,9.84501
73.9215,9.78034
73.9335,9.78034
73.9455,9.81387
73.9575,9.78274
73.9695,9.76837
73.9815,9.82824
73.9935,9.7516
74.0055,9.78513
74.0175,9.76837
74.0295,9.82585
74.0415,9.77555
74.0535,9.80669
74.0655,9.76358
74.0775,9.78753
74.0895,9.82106
74.1015,9.80429
74.1135,9.7995
74.1255,9.79711
74.1375,9.78992
74.1495,9.84022
74.1615,9.79471
74.1735,9.76358
74.1855,9.83304
74.1977,9.7995
74.2096,9.78753
74.2215,9.76597
74.2335,9.78992
74.2455,9.81387
74.2575,9.83064
74.2695,9.82585
74.2815,9.79232
74.2935,9.86656
74.3055,9.78992
74.3175,9.87614
74.3295,9.82585
74.3415,9.80669
74.3535,9.77316
74.3655,9.83304
74.3776,9.82824
74.3896,9.80669
74.4015,9.83782
74.4135,9.78753
74.4255,9.81387
74.4375,9.82585
74.4495,9.76358
74.4615,9.79232
74.4735,9.80669
74.4855,9.81866
74.4975,9.84261
74.5095,9.83304
74.5215,9.80669
74.5335,9.80908
74.5455,9.74921
74.5575,9.69173
74.5695,9.75639
74.5815,9.79232
74.5935,9.83304
74.6055,9.80908
74.6175,9.81866
74.6295,9.8474
74.6415,9.81148
74.6535,9.78034
74.6655,9.85938
74.6775,9.83304
74.6895,9.79471
74.7015,9.83304
74.7135,9.78034
74.7255,9.79711
74.7375,9.80669
74.7496,9.81866
74.7615,9.77316
74.7735,9.84022
74.7855,9.79232
74.7976,9.72286
74.8095,9.89051
74.8215,9.78513
74.8335,9.85698
74.8455,9.77795
74.8575,9.85698
74.8695,9.81387
74.8815,9.8474
74.8935,9.80429
74.9055,9.81866
74.9176,9.8498
74.9296,9.81387
74.9416,9.82824
74.9535,9.81148
74.9656,9.81627
74.9775,9.78753
74.9895,9.83304
75.0015,9.81148
75.0135,9.83064
75.0255,9.8019
75.0376,9.82106
75.0495,9.80669
75.0615,9.8474
75.0735,9.81866
75.0854,9.78992
75.0975,9.79471
75.1095,9.79711
75.1215,9.80908
75.1335,9.80669
75.1455,9.87854
75.1575,9.79232
75.1695,9.78992
75.1816,9.80669
75.1936,9.8019
75.2056,9.7995
75.2176,9.79232
75.2295,9.87135
75.2415,9.74442
75.2535,9.8474
75.2655,9.82106
75.2775,9.82345
75.2895,9.79471
75.3015,9.8019
75.3135,9.78753
75.3256,9.78753
75.3375,9.84022
75.3495,9.78034
75.3615,9.78274
75.3735,9.84022
75.3855,9.78274
75.3975,9.86896
75.4095,9.81148
75.4215,9.88333
75.4335,9.79232
75.4455,9.80429
75.4575,9.73723
75.4695,9.81148
75.4815,9.83304
75.4935,9.80669
75.5055,9.84501
75.5175,9.83543
75.5295,9.73484
75.5415,9.81866
75.5535,9.76358
75.5655,9.82106
75.5776,9.77795
75.5895,9.7516
75.6015,9.8498
75.6135,9.82585
75.6255,9.86656
75.6375,9.78992
75.6495,9.82824
75.6615,9.83304
75.6735,9.83064
75.6855,9.76837
75.6975,9.80908
75.7095,9.8977
75.7217,9.80669
75.7335,9.79711
75.7456,9.84501
75.7575,9.78034
75.7695,9.78513
75.7815,9.84261
75.7935,9.81148
75.8055,9.78992
75.8175,9.78034
75.8295,9.79471
75.8415,9.8498
75.8535,9.7995
75.8655,9.86177
75.8775,9.72286
75.8895,9.74921
75.9015,9.83064
75.9135,9.78992
75.9255,9.79471
75.9375,9.77795
75.9495,9.7516
75.9615,9.80669
75.9735,9.7516
75.9855,9.68454
75.9975,9.83782
76.0096,9.77795
76.0216,9.82345
76.0335,9.76358
76.0455,9.75879
76.0575,9.83782
76.0695,9.76118
76.0815,9.82345
76.0935,9.78034
76.1055,9.7995
76.1175,9.754
76.1297,9.77555
76.1416,9.84501
76.1535,9.78034
76.1655,9.81627
76.1775,9.82345
76.1895,9.78034
76.2015,9.80669
76.2135,9.8019
76.2255,9.81148
76.2375,9.8019
76.2495,9.8019
76.2615,9.81866
76.2735,9.754
76.2855,9.85219
76.2975,9.79471
76.3096,9.78274
76.3215,9.8019
76.3335,9.88333
76.3455,9.78274
76.3575,9.76837
76.3695,9.8498
76.3815,9.76837
76.3935,9.81148
76.4055,9.73484
76.4175,9.82106
76.4295,9.77316
76.4415,9.78034
76.4535,9.79711
76.4655,9.88333
76.4775,9.84261
76.4895,9.81148
76.5015,9.86656
76.5135,9.72765
76.5255,9.71807
76.5375,9.85219
76.5495,9.81387
76.5615,9.76597
76.5735,9.86656
76.5855,9.86177
76.5975,9.80669
76.6095,9.87375
76.6215,9.81387
76.6335,9.87375
76.6455,9.8019
76.6575,9.81148
76.6695,9.81148
76.6815,9.80669
76.6935,9.82585
76.7055,9.85938
76.7175,9.83543
76.7295,9.80429
76.7415,9.83304
76.7535,9.77795
76.7655,9.79232
76.7775,9.80429
76.7895,9.83064
76.8015,9.78513
76.8135,9.78034
76.8255,9.78992
76.8375,9.86177
76.8495,9.81866
76.8615,9.8019
76.8735,9.8019
76.8855,9.81387
76.8975,9.84501
76.9095,9.81387
76.9215,9.78274
76.9335,9.76358
76.9455,9.77795
76.9575,9.85219
76.9695,9.72526
76.9816,9.73244
76.9935,9.74921
77.0055,9.76358
77.0175,9.8474
77.0295,9.78992
77.0415,9.81627
77.0535,9.80429
77.0655,9.77795
77.0775,9.80669
77.0895,9.82585
77.1015,9.84022
77.1135,9.83782
77.1255,9.82106
77.1375,9.82106
77.1495,9.78753
77.1615,9.85219
77.1735,9.79471
77.1855,9.78753
77.1975,9.85459
77.2095,9.83064
77.2215,9.82585
77.2335,9.79232
77.2456,9.85459
77.2575,9.77555
77.2695,9.82585
77.2815,9.79232
77.2934,9.7516
77.3055,9.79471
77.3175,9.84501
77.3295,9.72047
77.3415,9.84261
77.3535,9.80669
77.3655,9.79471
77.3775,9.81387
77.3895,9.80908
77.4015,9.84501
77.4135,9.82585
77.4255,9.80429
77.4375,9.7995
77.4495,9.74442
77.4615,9.78274
77.4735,9.83064
77.4855,9.86656
77.4975,9.8019
77.5095,9.81148
77.5215,9.90249
77.5335,9.73484
77.5455,9.78034
77.5575,9.77316
77.5695,9.81866
77.5815,9.80669
77.5935,9.87614
77.6055,9.78753
77.6174,9.79232
77.6295,9.83304
77.6415,9.85219
77.6535,9.82824
77.6655,9.79711
77.6775,9.74442
77.6895,9.84022
77.7015,9.81387
77.7135,9.81148
77.7255,9.82585
77.7375,9.75879
77.7495,9.7995
77.7615,9.83543
77.7735,9.7995
77.7855,9.8474
77.7975,9.73005
77.8095,9.80669
77.8215,9.86656
77.8335,9.82345
77.8455,9.85219
77.8575,9.81866
77.8695,9.81866
77.8815,9.70131
77.8935,9.76358
77.9055,9.78274
77.9175,9.75639
77.9295,9.74202
77.9415,9.76837
77.9535,9.82345
77.9655,9.72765
77.9775,9.82345
77.9895,9.80429
78.0015,9.76837
78.0135,9.85459
78.0255,9.78034
78.0375,9.82106
78.0495,9.78753
78.0615,9.79232
78.0735,9.84501
78.0855,9.76597
78.0975,9.78034
78.1095,9.82824
78.1215,9.72047
78.1335,9.83543
78.1455,9.78992
78.1575,9.76118
78.1694,9.80669
78.1815,9.74921
78.1935,9.75879
78.2055,9.82345
78.2175,9.73005
78.2294,9.80429
78.2415,9.83304
78.2534,9.81627
78.2655,9.83064
78.2775,9.78034
78.2895,9.82345
78.3015,9.81148
78.3135,9.84022
78.3255,9.89291
78.3375,9.83304
78.3495,9.88812
78.3615,9.83064
78.3735,9.78034
78.3855,9.77795
78.3975,9.86177
78.4095,9.80908
78.4215,9.81387
78.4335,9.77555
78.4455,9.81387
78.4575,9.80429
78.4695,9.77795
78.4815,9.86896
78.4935,9.84261
78.5055,9.84261
78.5175,9.79711
78.5295,9.85459
78.5415,9.86656
78.5535,9.82106
78.5655,9.76837
78.5775,9.80429
78.5895,9.90009
78.6015,9.74202
78.6135,9.76837
78.6255,9.77076
78.6375,9.77316
78.6495,9.81627
78.6615,9.78034
78.6735,9.77076
78.6855,9.76118
78.6974,9.80429
78.7095,9.82585
78.7215,9.78992
78.7335,9.8977
78.7455,9.78274
78.7575,9.86177
78.7695,9.80429
78.7815,9.85459
78.7935,9.77555
78.8055,9.84022
78.8175,9.75879
78.8295,9.78992
78.8415,9.79232
78.8535,9.8498
78.8655,9.79471
78.8775,9.75879
78.8895,9.82106
78.9015,9.77076
78.9135,9.85459
78.9255,9.82585
78.9375,9.76358
78.9495,9.83064
78.9615,9.80429
78.9735,9.78274
78.9855,9.754
78.9975,9.76837
79.0095,9.80908
79.0215,9.78992
79.0335,9.85219
79.0455,9.75639
79.0575,9.87375
79.0695,9.78753
79.0815,9.74442
79.0935,9.754
79.1055,9.85698
79.1175,9.81866
79.1295,9.74681
79.1415,9.84261
79.1535,9.83543
79.1655,9.7995
79.1775,9.81627
79.1895,9.79711
79.2015,9.8019
79.2135,9.81387
79.2255,9.80669
79.2375,9.83064
79.2495,9.81866
79.2615,9.77076
79.2735,9.79711
79.2855,9.83782
79.2975,9.84501
79.3095,9.88093
79.3215,9.78513
79.3335,9.78034
79.3455,9.84022
79.3575,9.78753
79.3695,9.82585
79.3815,9.76358
79.3935,9.85219
79.4055,9.78992
79.4175,9.71328
79.4296,9.82824
79.4415,9.77316
79.4535,9.79711
79.4655,9.84501
79.4775,9.76118
79.4894,9.79711
79.5015,9.82106
79.5135,9.79711
79.5255,9.83064
79.5375,9.83304
79.5495,9.87854
79.5615,9.77555
79.5735,9.85219
79.5855,9.93602
79.5975,9.82106
79.6095,9.79471
79.6215,9.74921
79.6335,9.8019
79.6455,9.78034
79.6575,9.78992
79.6695,9.84022
79.6815,9.78274
79.6935,9.79711
79.7055,9.81387
79.7175,9.80429
79.7295,9.77795
79.7415,9.7995
79.7535,9.78992
79.7655,9.82106
79.7775,9.76597
79.7895,9.76358
79.8015,9.81148
79.8135,9.82106
79.8255,9.8498
79.8375,9.85219
79.8495,9.80429
79.8615,9.80429
79.8735,9.78753
79.8855,9.80429
79.8975,9.83543
