ax,ay,az,gx,gy,gz,temp,volt,vel

-4.089948,-1.608122,5.942702,17.394705,0.436175,0.004814,1.637841,7.732000,2776.057437

-3.438502,2.312525,11.496753,17.382940,0.419148,-0.801869,2.022026,7.732000,2776.057437

3.183727,-4.853373,9.123288,17.379999,-0.917519,-1.774570,2.211458,7.716000,2776.612565

-1.855394,2.017938,7.317443,17.377058,1.065132,0.005878,-0.548077,7.732000,2772.731539

-1.153654,5.229659,4.884103,35.771175,-0.152341,-0.266563,-0.274571,7.728000,2775.502520

0.352814,-4.647401,12.943344,17.362352,-2.394664,-0.087774,-0.697069,7.720000,2777.167906

-0.133375,-2.534994,12.761323,17.365294,-1.147392,1.594766,-1.091896,7.724000,2777.167906

1.265316,4.537498,9.075388,17.350588,1.393978,0.440082,-2.180599,7.720000,2773.839254

-0.868646,-1.337485,8.246711,36.527058,0.121165,0.006942,-0.001066,7.712000,2764.451438

0.611476,-2.202087,9.745994,17.368235,-0.999465,0.156998,0.045760,7.712000,2777.167906

-1.357230,-7.325033,11.441668,17.359411,-2.659656,-1.872479,-0.260737,7.708000,2776.612565

-1.589547,-0.422587,4.117697,17.341763,-0.431168,-1.141356,-2.561591,7.720000,2777.167906

-0.890202,-0.408217,0.817360,36.527058,0.121165,0.006942,-0.001066,7.704000,2777.167906

2.132313,-1.555431,11.379396,17.321175,-7.245402,0.662505,-1.936891,7.716000,2776.057437

-0.890202,-0.408217,0.817360,36.527058,0.121165,0.006942,-0.001066,7.716000,2777.167906

-5.706586,12.323707,1.073627,17.329998,3.927898,1.540491,-3.555578,7.728000,1971.300403

-2.152377,0.784503,26.803322,17.341763,-4.550784,1.330839,-3.647101,7.724000,2756.767782

-1.635053,-7.902233,4.603886,17.324116,-1.103759,2.277999,-3.779065,7.720000,2770.518653

-5.629945,4.954232,-0.737008,17.318233,-0.919648,1.066911,-4.252645,7.720000,2567.647801

-0.023204,-7.047211,10.766272,17.327057,-1.212309,0.286834,-3.931249,7.720000,2775.502520

2.625687,3.732772,10.435759,17.329998,-1.267649,-1.604294,-5.492467,7.712000,2774.948028

-2.183512,13.993035,-1.237567,17.332939,0.080724,1.164819,-2.990474,7.724000,2775.502520

3.358563,4.369847,12.900234,17.312351,2.207046,1.633078,-0.531050,7.720000,2774.393535

1.636544,-0.527968,10.133986,35.771175,-0.152341,-0.266563,-0.274571,7.720000,2777.167906

2.800524,8.120448,9.693303,17.306469,0.279734,-1.588331,0.386312,7.716000,2777.167906

-2.703231,1.057535,12.107483,17.300587,-2.460646,-0.299554,0.057467,7.720000,2776.612565

-0.119005,0.276759,8.514953,17.297646,-2.633050,-0.805061,-0.581068,7.708000,2775.502520

0.769547,-7.001706,5.961862,17.306469,-2.604316,-0.266563,-0.274571,7.708000,2777.167906

-0.871041,1.057535,8.249105,17.253529,0.227587,-2.352445,-1.665514,7.712000,2777.167906

0.027091,3.747142,10.806987,17.268234,-0.307718,-0.726309,-0.547013,7.712000,2776.057437

-1.510512,1.124595,6.254055,17.262352,0.293569,-1.675598,0.544882,7.708000,2774.393535

-1.122518,0.178563,14.516872,17.259411,1.412070,0.241072,3.758842,7.716000,2235.325014

-7.723192,-1.596147,8.103010,17.262352,1.155591,-1.000879,4.349487,7.716000,2777.167906

0.359999,3.165152,15.527571,17.250587,1.746236,-2.420555,2.360450,7.720000,2776.612565

1.753900,8.079732,6.306745,17.262352,1.064068,-1.083888,-0.274571,7.716000,2775.502520

1.394647,6.499020,10.172307,35.771175,-0.152341,-0.266563,-0.274571,7.708000,2776.612565

0.067806,0.693492,12.854729,17.247646,-0.470545,-0.310197,1.776191,7.704000,2775.502520

-4.832404,0.978499,5.755890,17.259411,-3.249236,0.632707,2.404083,7.700000,2766.654578

1.935922,3.663316,10.950688,17.253529,0.903370,0.776377,0.334165,7.708000,2776.057437

-1.050668,1.043165,4.256608,35.771175,-0.152341,-0.266563,-0.274571,7.716000,2776.057437

8.680296,11.921344,10.617781,17.247646,-0.561004,0.810432,-2.156122,7.704000,2777.167906

-0.746500,-2.827187,12.555351,17.241764,-0.695096,-1.003007,-2.438141,7.696000,2776.612565

-2.526000,8.961100,7.825187,17.241764,-0.732344,1.123315,-1.362210,7.708000,2775.502520

1.016234,2.360425,12.378119,17.244705,0.882086,-0.056911,-1.356888,7.704000,2777.167906

-4.341424,6.333763,11.175820,-1.122944,-0.152341,-0.266563,-0.274571,7.712000,2775.502520

-0.126190,-3.713344,11.223721,17.238823,-1.482623,-0.867851,0.958866,7.712000,2760.604313

3.253182,2.437066,12.184123,17.238823,2.411377,-0.637978,1.383491,7.712000,2776.612565

-3.067274,7.174415,3.499782,17.218235,1.317354,2.133264,0.788590,7.716000,2776.057437

1.852096,0.032467,12.349380,17.235882,-1.399613,-1.316954,0.273505,7.700000,2534.837377

2.225719,0.710257,9.872930,17.221176,-0.894106,-0.210159,0.727929,7.704000,2776.057437

-2.126032,3.514825,7.715016,17.230000,0.853352,0.600780,2.552011,7.708000,2669.840384

-1.946405,1.447923,9.650192,17.227058,-0.054433,-0.591152,2.083751,7.700000,2772.731539

0.314493,6.331368,8.682605,17.215292,0.325496,0.537991,2.157183,7.704000,2687.928673

-1.675768,3.711217,8.289822,17.209410,-0.285369,-0.171847,1.679346,7.712000,2777.167906

0.103732,4.199801,10.052556,36.527058,0.121165,0.006942,-0.001066,7.704000,2777.167906

-1.314120,-1.900314,8.522139,17.188822,-1.005850,1.405334,1.444152,7.704000,2776.612565

-4.214489,-0.247751,12.021262,17.191763,-2.845895,1.092452,1.016334,7.688000,2777.167906

1.301241,9.794566,10.486054,17.209410,0.104137,2.369522,0.349064,7.692000,2776.057437

2.271224,4.365057,13.352893,35.771175,-0.152341,-0.266563,-0.275636,7.700000,2777.167906

-0.274681,1.682635,9.439431,35.771175,-0.152341,-0.266563,-0.274571,7.700000,2775.502520

0.822237,1.653895,1.140688,17.206469,2.370937,-1.425505,-3.088383,7.704000,2776.612565

-0.195646,-0.630954,14.286950,17.209410,-1.203796,-1.696882,-0.769436,7.696000,2777.167906

1.543139,4.487203,9.621452,17.209410,2.285799,-1.077503,2.478579,7.712000,2726.455860

-3.091224,3.900423,-0.404100,17.191763,0.939554,0.274063,4.395248,7.728000,2776.057437

0.649796,-13.152116,25.598627,17.182940,-1.807211,-3.685919,4.525084,7.712000,2776.612565

-3.792965,1.071905,-2.516507,17.194704,-1.545412,0.130393,2.563717,7.716000,2776.057437

-5.170101,1.215606,-10.008128,17.197645,-7.839240,0.305990,2.554139,7.692000,2588.709841

-3.845655,-10.436164,34.927227,17.171175,-3.766450,3.003800,3.228858,7.680000,2262.274382

2.278409,9.693975,13.831897,17.177057,-0.203424,1.526656,2.101843,7.696000,2532.987867

1.313216,2.631063,-5.220484,17.188822,-1.953010,0.275127,2.960673,7.692000,2429.718292

-6.686149,3.397469,15.077307,17.177057,-2.601123,1.534106,2.133770,7.680000,2315.078330

5.296134,4.609349,20.791824,17.179998,0.502157,-0.417683,-0.641729,7.684000,2486.719180

4.091439,15.734216,3.248305,17.177057,5.821154,1.122250,-0.568298,7.700000,2615.528267

-1.690138,2.398746,0.695214,17.177057,-3.023621,-2.321582,-1.537807,7.676000,2276.367230

-0.758475,-5.135985,18.921312,17.182940,-3.852652,0.493293,-1.169585,7.656000,2292.149193

1.655704,-8.841081,12.864308,17.168234,-2.521307,0.725294,-1.233438,7.660000,2277.113687

0.889298,-8.017194,3.037543,17.174116,-0.996272,0.451789,-1.164264,7.684000,2516.006445

-1.460216,9.799356,-10.096744,17.159410,4.664341,2.746258,-1.886873,7.696000,2672.409442

-8.118371,-4.530046,31.193394,17.165293,-4.526307,-0.167590,-2.129516,7.684000,2666.251754

-2.051786,-10.040985,9.690907,17.165293,-2.627729,0.045255,-2.013515,7.708000,2698.899876

-3.622919,22.854607,4.105722,17.174116,3.953440,5.058819,-1.381366,7.716000,2609.629709

-2.815797,-3.902550,12.974480,17.153528,-3.178998,-1.146678,-1.338797,7.704000,2610.610930

-1.508116,4.935072,25.682453,17.165293,-1.620972,2.645157,-0.770500,7.696000,2761.153297

-2.200277,4.920702,8.399992,17.174116,-0.490765,1.457481,-2.505188,7.700000,2711.548330

-1.223109,-3.675024,10.797407,17.162352,-0.187461,0.200631,-3.309742,7.688000,2573.357996

0.848583,0.791688,6.579777,17.159410,0.453203,-1.843745,-4.028094,7.684000,2497.004100

5.375170,-1.838044,7.650351,17.171175,0.015806,-0.689061,-2.561591,7.680000,2199.911207

0.027091,0.207303,8.311377,17.153528,-0.723830,-0.999815,-1.389879,7.684000,2505.564732

-2.339188,3.430999,8.689790,17.168234,-1.542219,-0.048397,-0.045763,7.696000,2494.760915

-5.752091,-2.800842,8.064690,17.150587,-1.299576,-0.153756,-0.477838,7.688000,2611.101859

-3.536698,-1.998510,8.689790,17.147646,-0.074653,0.067603,0.129834,7.704000,2774.948028

-2.030231,-0.652509,8.723320,17.159410,-0.734472,-0.234637,-1.334540,7.700000,2727.526919

-2.315238,1.160521,10.392649,17.138823,-0.476930,-0.202710,-2.121002,7.700000,2775.502520

-0.389642,-0.642929,9.657377,17.141764,-0.755757,-0.791226,-2.201883,7.704000,2764.451438

-0.370482,3.040611,8.043135,17.135881,1.532327,-0.904034,-1.908157,7.708000,2776.057437

2.558627,2.928045,7.161767,17.147646,1.215188,-0.530491,-0.736445,7.700000,2776.612565

-0.784821,5.627233,12.914604,17.129999,1.114087,0.038869,0.678974,7.704000,2629.395885

-2.894833,6.688226,11.645244,17.121176,-0.342838,-0.015406,0.901397,7.704000,2776.057437

1.605409,5.845179,10.840517,17.144705,-0.491829,0.129328,1.394134,7.704000,2775.502520

-3.524723,-2.329023,11.784155,17.135881,-0.595059,0.033548,0.491671,7.716000,2777.167906

-0.348927,-0.868061,6.788144,17.124117,0.302083,-0.890199,-0.799234,7.708000,2776.612565

0.558785,3.955508,11.891931,17.118235,0.694782,-0.590088,-1.120631,7.700000,2775.502520

-2.401459,1.572464,6.974955,17.109411,-0.419462,-0.184618,-0.641729,7.700000,2777.167906

-1.072223,-0.626164,6.309140,17.127058,-0.682325,-0.512399,0.316074,7.704000,2776.612565

-2.609826,-1.526691,10.505215,17.141764,-2.971474,-0.411298,0.185174,7.696000,2776.057437

-2.949918,-1.543456,8.380832,17.118235,0.327624,-0.469830,0.157504,7.708000,2777.167906

-5.471874,3.028636,6.242079,17.115294,2.534827,-0.284655,0.529983,7.708000,2775.502520

0.553995,-7.162172,12.184123,35.771175,-0.152341,-0.266563,-0.274571,7.692000,2776.612565

0.419874,5.275165,3.401586,17.115294,-1.040969,-1.189247,0.191559,7.700000,2776.612565

-3.534303,5.802069,10.596226,17.097647,0.209495,1.619244,0.247963,7.692000,2753.487863

2.050883,6.051151,13.460669,17.118235,-1.458145,0.828524,0.170275,7.696000,2777.167906

-3.692374,-2.994838,7.621611,17.109411,-1.688018,0.064411,-0.827968,7.692000,2773.285397

3.468734,-0.175900,5.961862,17.085880,-0.708931,-0.947668,-1.201512,7.696000,2776.057437

-0.147745,0.104317,10.723162,17.091763,0.613901,0.328338,-1.470760,7.696000,2765.001905

1.373092,5.143438,7.753336,17.103529,-0.784491,0.822139,-1.348375,7.696000,2776.612565

-0.049550,3.974669,13.245117,17.091763,-0.688711,0.318760,-1.610174,7.704000,2777.167906

-0.399222,0.942574,10.112432,17.079998,-0.407755,0.042062,-1.457990,7.700000,2774.948028

-1.045878,1.991592,12.030842,17.085880,-0.820675,-0.161205,-0.763051,7.696000,2777.167906

1.274896,3.270533,0.817360,36.527058,0.121165,0.006942,-0.001066,7.704000,2773.285397

2.834054,3.282508,8.457473,17.079998,2.275156,-0.568803,-0.702390,7.700000,2776.612565

1.181490,3.639366,15.345549,16.988823,0.086045,1.586253,-4.489967,7.704000,2776.612565

2.343075,0.664752,10.965058,16.988823,-0.479058,-0.166526,-6.653537,7.704000,2776.612565

-0.195646,2.149664,7.154582,16.947645,1.416327,0.126136,0.830094,7.720000,2776.612565

-7.620206,-0.707594,10.133986,16.947645,-2.260571,0.430504,-0.002130,7.720000,2703.629274

1.658099,-7.025656,16.753820,16.941763,-2.380829,-1.607487,-0.062791,7.716000,2764.451438

-2.849328,3.538775,2.644760,16.935881,0.074339,1.054140,0.168146,7.720000,2774.393535

-3.970196,0.750972,6.340275,16.932940,0.702232,-0.585831,0.255413,7.700000,2736.665351

1.595829,3.658526,7.741362,16.938822,-0.467352,-1.191375,0.184110,7.708000,2545.058521

0.261803,1.912557,4.084167,16.938822,-1.394292,0.081438,1.058903,7.692000,2582.451085

-3.536698,-2.973283,6.948610,16.935881,-2.077525,-0.310197,1.694245,7.684000,2482.273703

-2.377509,10.484332,8.900552,16.927057,1.813283,1.721409,3.120307,7.696000,2746.951543

1.672469,2.587952,3.894960,16.915293,0.966159,-0.750786,4.297340,7.696000,1781.377816

-3.773805,2.116133,12.766113,16.927057,-2.782042,0.545440,3.133077,7.688000,301.433595

0.312098,-0.659694,15.335969,16.924116,-3.688761,0.827460,3.168197,7.692000,301.433595

3.241207,0.374954,7.068361,16.944704,-1.625229,0.558211,2.016705,7.692000,176.117898

-3.390602,-0.166320,6.495951,16.932940,-1.716752,0.103787,0.354386,7.688000,2357.928315

3.895048,-1.018947,13.405583,16.915293,-3.093860,0.773185,-1.617624,7.688000,2610.610930

-1.520092,-4.388740,4.206313,16.927057,-0.791941,1.077553,-2.806363,7.692000,2669.840384

-1.055458,-5.586249,13.407978,16.938822,1.048105,0.635900,-2.939391,7.704000,2775.502520

-1.656608,5.284745,3.856640,16.906469,4.364230,0.892378,-3.222475,7.728000,2706.263804

2.170634,-2.671510,14.844990,16.927057,-2.453196,-2.242830,-1.749588,7.708000,2767.757631

-5.565279,5.114698,-2.193180,16.932940,-0.342838,2.406770,-0.857767,7.704000,2776.612565

2.029327,-0.719570,32.407669,16.921175,1.563190,1.014764,-0.121323,7.716000,2777.167906

-0.461493,-0.413007,-0.480740,16.918234,-0.665298,-1.822461,-1.477146,7.712000,2776.057437

-1.371600,5.797279,12.059582,16.912352,-0.400306,0.704010,0.159632,7.700000,2697.327083

-3.931876,4.391402,9.980705,16.921175,-1.111208,1.325518,-0.460811,7.708000,2672.923890

1.363512,1.512589,9.611873,16.906469,-0.797262,-1.255229,-0.717289,7.692000,2513.729147

0.503700,4.338712,3.521337,16.912352,1.640878,1.373408,-0.702390,7.684000,2442.539853

4.160895,-0.405822,0.110829,16.932940,-1.128236,-0.800804,-1.942212,7.692000,2556.774063

0.472565,4.269256,8.016789,16.927057,0.546855,-1.475523,-2.044378,7.688000,2489.393967

-0.559689,1.507799,5.839716,16.909410,5.602988,1.371279,-1.231310,7.712000,2529.296898

-4.767738,6.005645,12.814013,16.909410,-3.189640,-1.480844,-2.241260,7.712000,2772.731539

3.916603,-2.439194,1.607717,16.915293,0.927847,0.863644,-0.323526,7.704000,2775.502520

-6.552028,-7.660336,28.273865,16.912352,-0.137442,-1.447853,-1.092961,7.700000,2776.057437

-2.502050,-0.436957,11.051279,16.906469,1.100252,0.182540,-1.579311,7.704000,2777.167906

-2.882858,-0.923146,7.473119,16.903528,-0.854730,-3.282578,-0.968446,7.692000,2762.251688

1.576669,2.046678,5.221801,16.900587,-0.346030,-0.322967,0.531047,7.680000,2777.167906

-3.385812,-0.427377,14.248631,16.891764,0.418083,-1.050897,1.649548,7.680000,2771.071451

-6.096974,3.514825,9.113708,16.906469,-1.297448,-0.355958,2.436010,7.684000,2764.451438

0.616266,-1.919474,7.386899,16.897646,1.368437,-1.421248,2.934067,7.696000,2776.612565

-3.122360,3.234608,4.656577,16.882940,-0.827060,-1.519156,2.267862,7.700000,2719.514212

5.367985,2.463411,16.181410,16.897646,0.890599,1.374472,2.046504,7.696000,2728.598826

-1.278195,-1.232104,8.993958,16.909410,-0.714252,0.430504,1.304739,7.700000,2683.253941

-3.486403,2.238280,8.428732,16.894705,-0.007607,0.182540,0.183045,7.696000,2475.194120

2.872374,7.361227,6.766589,16.900587,1.768585,0.402834,-0.867345,7.700000,2777.167906

-1.340465,8.671302,9.278965,16.897646,1.206674,0.086759,-0.252223,7.700000,2776.057437

3.284317,-1.905104,9.015512,16.900587,0.291441,-1.171155,-0.555527,7.692000,2777.167906

-1.340465,-4.565971,10.148356,16.891764,-1.043098,-0.703960,0.476772,7.696000,2777.167906

-3.318751,8.819794,8.677814,16.891764,0.511735,0.369843,1.530354,7.696000,2775.502520

-5.196446,-0.961466,11.539863,16.885881,-1.688018,0.067603,2.251899,7.704000,2777.167906

-0.677045,3.083721,8.179650,16.838821,0.363808,-0.266563,-0.274571,7.688000,2777.167906

-0.940497,-5.128800,11.690749,16.868235,-1.894478,-1.224366,-1.614431,7.700000,2760.604313

-2.751132,-1.186598,8.313771,16.856470,-1.701853,-1.029613,0.196880,7.696000,2776.612565

-2.832562,5.344620,9.362790,16.827057,1.367372,-0.153756,0.394826,7.708000,2775.502520

4.697379,5.428446,10.830937,16.847647,1.259886,0.006942,-0.001066,7.704000,2776.612565

-2.423014,3.502850,12.473921,16.832939,-0.624857,1.141407,1.643162,7.676000,2776.612565

-0.559689,2.930440,10.268107,16.821175,-1.718881,0.573110,-0.492738,7.692000,2777.167906

1.071320,0.188143,7.276728,16.829998,-2.707546,0.633771,0.295853,7.676000,2775.502520

2.031722,-0.599819,16.253262,16.821175,-1.793377,0.544376,-0.250094,7.680000,2773.285397

-5.910162,6.510994,11.276411,16.821175,-0.769592,2.192861,-0.045763,7.676000,2776.057437

1.368302,0.006121,6.464816,16.818233,-2.382957,0.017585,0.458680,7.672000,2776.612565

1.938317,1.984407,9.171188,16.827057,-0.012928,0.849809,0.011705,7.684000,2776.057437

-1.709298,-6.014957,13.070280,16.812351,-0.385407,-0.266563,-0.274571,7.692000,2776.057437

1.334772,0.647987,10.148356,16.812351,0.304211,0.845552,-2.918107,7.712000,2774.948028

2.764598,4.571029,12.394885,16.815292,0.167991,0.797662,-2.838290,7.716000,2777.167906

1.356327,-0.894406,7.283913,16.806469,0.105201,-0.511335,-2.339169,7.708000,2777.167906

0.060621,-1.823673,9.542417,16.821175,0.394671,1.337224,-0.003194,7.716000,2776.057437

-5.189261,-0.599819,6.256449,16.806469,0.620286,0.138906,-0.548077,7.704000,2661.652239

-3.649264,0.427645,9.681328,16.797646,2.131486,1.223352,-1.192998,7.696000,2603.269462

-2.909203,1.531749,-1.699805,16.809410,1.603630,-1.018971,-3.399137,7.708000,2738.284334

3.918998,5.814044,11.357841,16.800587,-0.816418,0.075053,-3.274622,7.704000,2775.502520

-1.642238,4.238121,11.695539,16.818233,-1.626293,0.109108,-3.169264,7.708000,2776.612565

-0.765660,-2.259567,5.923542,16.797646,-0.101258,-0.208031,-2.497738,7.708000,2776.612565

-0.890202,-0.408217,0.817360,36.527058,0.121165,0.006942,-0.001066,7.700000,2773.839254

0.788707,1.373677,15.146763,16.562351,0.121165,0.006942,-0.001066,7.708000,2719.514212

-2.511630,-0.147160,2.891447,16.771175,-1.366622,-1.571303,-2.733996,7.704000,2628.400467

-0.047155,2.571187,9.413086,16.779999,0.490451,-0.194196,-2.643537,7.704000,2776.057437

1.322797,4.429723,5.411007,16.747646,1.269464,-0.132471,-2.391315,7.712000,2772.177894

0.031881,-3.883390,10.505215,16.738823,0.937425,-0.544326,-1.918799,7.712000,2774.393535

1.217416,3.926768,12.291899,16.771175,0.007293,-1.035998,-1.185548,7.712000,2773.839254

-3.187025,-1.107563,2.201681,16.750587,-0.245993,-0.709281,-1.068483,7.712000,2776.612565

-0.274681,-2.432009,10.914762,16.753529,0.239294,-1.246715,-1.205768,7.712000,2776.612565

0.587526,1.919742,10.960268,16.759411,0.387221,-0.954053,-0.781143,7.716000,2777.167906

1.717975,2.425091,7.985653,16.753529,1.352473,-0.657134,0.368221,7.712000,2776.612565

-2.011071,-0.633349,5.978627,16.753529,-2.621344,-1.475523,1.447345,7.704000,2737.744461

-1.979935,-7.681891,2.611230,16.762352,-0.690839,-1.100916,0.532111,7.720000,2777.167906

-2.188302,-5.694025,8.591594,16.744705,-0.293883,-1.005136,0.455487,7.708000,2776.612565

-0.890202,-0.408217,0.817360,36.527058,0.121165,0.006942,-0.001066,7.716000,2777.167906

-0.205226,7.124120,11.484777,16.747646,1.164105,-0.527299,1.052517,7.700000,2777.167906

-0.890202,-0.408217,0.817360,36.527058,0.121165,0.006942,-0.001066,7.700000,2776.612565

3.075951,-2.091916,1.442460,16.744705,-1.197410,-1.290348,0.004256,7.704000,2777.167906

-0.624354,-0.537548,10.316008,16.741764,-1.324053,-0.560290,0.599157,7.700000,2668.814032

-0.154930,5.409286,2.393283,16.744705,0.479809,-0.145242,0.874792,7.712000,2766.103475

0.501305,-0.149555,10.184282,16.738823,0.485130,0.258100,1.411161,7.712000,2775.502520

-0.219596,3.014266,9.281360,16.747646,-0.186396,-0.512399,0.839672,7.704000,2746.951543

1.737135,1.378468,10.933923,16.738823,-1.231465,-0.070746,1.042939,7.704000,2775.502520

-4.054022,-0.068124,15.247354,16.738823,-2.099873,0.241072,1.034426,7.700000,2359.931863

-0.708180,1.929322,9.317285,16.732941,-2.262700,-1.215852,0.580001,7.700000,2589.675383

1.492843,-3.002023,5.145160,16.747646,-1.823175,0.241072,0.532111,7.696000,2614.543232

-1.857789,2.386771,9.583132,16.756470,0.521313,-0.344252,1.102536,7.696000,2638.388754

-4.777318,-1.557826,1.176613,16.747646,-0.825996,-0.213352,1.121692,7.704000,2757.315283

2.434086,4.645274,9.566367,16.732941,0.365936,-0.278270,1.520777,7.708000,2776.612565

-1.481771,3.191497,15.529965,16.732941,-1.852973,0.903020,1.241949,7.708000,2660.632243

-2.157167,2.068233,17.125048,16.750587,-0.635499,1.237187,1.513327,7.712000,2767.757631

-1.484166,8.005486,9.262199,16.741764,-0.076781,0.874286,1.821952,7.716000,2728.598826

0.441429,11.609991,8.826305,16.759411,0.854416,0.962617,0.583194,7.708000,2774.948028

2.853214,5.260795,7.516230,16.738823,-0.828124,0.826396,0.566167,7.700000,2699.424494

1.634149,4.254886,12.569721,16.735882,-2.993823,0.958360,-0.245837,7.704000,2508.280200

2.347865,1.893397,12.303874,16.738823,-0.912198,0.815754,-0.268186,7.696000,2766.654578

-0.978817,7.686949,5.442143,16.744705,0.371258,1.016892,-1.355824,7.712000,2728.598826

2.532281,4.676410,7.961703,16.732941,-0.044854,0.745515,-2.033736,7.712000,2038.737283

1.303637,6.022410,9.985496,16.727058,-0.285369,0.928562,-1.968818,7.712000,2775.502520

-1.527277,-0.003459,8.608358,16.724117,-0.824932,0.881736,-2.078433,7.712000,2776.612565

1.689234,0.415670,5.904382,16.744705,0.876765,-0.319775,-3.213962,7.712000,2776.612565

0.312098,3.253768,5.581054,16.727058,2.032513,2.054512,-3.453412,7.708000,2752.942057

3.653151,1.055140,8.946056,16.756470,2.733838,-0.361279,-4.057892,7.712000,2777.167906

2.383790,7.179205,6.014553,16.744705,0.871443,-1.887378,-2.869153,7.696000,2777.167906

0.810262,1.548514,13.012800,16.741764,-0.639756,-0.357023,-0.670463,7.712000,2744.237134

-6.089789,0.231253,8.819120,16.747646,-0.424783,-0.266563,-0.274571,7.712000,2776.057437

-1.223109,0.612061,6.342670,16.744705,-0.136378,-0.293169,-0.236259,7.716000,2777.167906

-0.890202,-0.408217,0.817360,36.527058,0.121165,0.006942,-0.001066,7.708000,2776.612565

-0.890202,-0.408217,0.817360,36.527058,0.121165,0.006942,-0.001066,7.712000,2776.057437

-1.316515,-1.256054,12.258368,-2.625885,0.121165,0.006942,-0.001066,7.716000,2776.057437

-0.890202,-0.408217,0.817360,36.527058,0.121165,0.006942,-0.001066,7.708000,2776.612565

7.693549,-0.408217,0.817360,36.527058,0.121165,0.006942,-0.001066,7.716000,2777.167906

0.659376,0.595296,8.263476,16.718235,-1.676312,-0.937025,0.332037,7.708000,2774.393535

-5.668265,2.611902,7.758127,16.730000,0.696910,1.380857,1.115307,7.708000,2776.057437

2.316730,5.164994,2.122646,16.732941,0.857608,-1.260550,0.567231,7.708000,2773.285397

1.701210,3.478900,16.272421,16.718235,0.740544,0.225109,0.986535,7.708000,2760.604313

-3.220556,2.403536,10.090877,16.732941,-0.203424,0.409220,0.917361,7.708000,2750.215783

-2.878068,2.199959,8.754455,16.712351,-1.387907,-0.795483,0.147926,7.716000,2767.205892

4.199215,0.583321,11.776970,16.727058,-1.199539,0.699753,0.893948,7.712000,2773.839254

-6.403536,-0.662089,1.186193,16.721176,0.364872,0.486908,0.540625,7.720000,2030.984342

-1.345255,3.871683,9.784313,16.727058,0.697975,-1.200953,0.567231,7.712000,2774.393535

4.251905,4.987762,10.184282,16.727058,0.285055,0.116558,1.131270,7.716000,2776.612565

-3.237321,2.372401,12.155383,16.727058,-1.151649,-0.746529,1.448409,7.708000,2738.284334

1.763480,5.612862,9.537626,16.715292,-2.250993,0.365586,2.109293,7.708000,2771.071451

-1.196764,0.638407,9.104128,16.721176,-2.122222,0.588009,1.746392,7.708000,2769.966067

-2.116452,3.174732,13.716936,16.715292,0.309532,0.167640,1.062095,7.712000,2777.167906

-0.221991,8.491675,8.059899,16.730000,-0.175754,1.752272,0.726865,7.716000,2776.057437

5.015917,-0.975837,19.687719,16.700586,-0.944125,-1.057283,-0.484224,7.712000,2776.612565

-3.919901,-3.876205,7.722201,16.709410,-0.306654,0.668891,-0.408664,7.720000,2757.315283

1.856886,4.300392,10.332773,16.712351,-0.374764,-0.929576,-0.655564,7.716000,2772.177894

-3.622919,-1.517111,8.970007,16.724117,-1.774220,0.143163,-0.086204,7.716000,2773.285397

-3.007399,-4.415084,12.629597,16.456469,-0.152341,-0.266563,-0.274571,7.712000,2773.285397

-2.945128,1.483848,12.648757,16.700586,0.872508,1.036048,0.922682,7.720000,2776.612565

-0.061525,2.781949,9.132869,16.697645,-0.075717,0.005878,-0.274571,7.720000,2767.757631

-3.246901,5.794884,7.897038,16.700586,-0.814289,0.737001,1.368592,7.712000,2777.167906

0.149237,3.589071,7.554550,16.691763,1.475923,-0.143113,1.677218,7.716000,2777.167906

2.666403,0.856353,14.543218,16.677057,-0.383278,0.472009,2.020962,7.712000,2777.167906

-1.577572,1.522169,12.452366,16.671175,-1.774220,1.365958,1.512263,7.720000,2770.518653

-0.224386,4.240516,10.711186,16.671175,-0.811097,1.401078,0.291596,7.724000,2772.177894

-2.154772,4.297997,9.805869,16.682940,-1.314475,0.872158,-0.688555,7.724000,2776.057437

3.375329,-0.875246,15.836528,16.688822,0.360615,1.100966,-1.207897,7.716000,2774.948028

-2.933153,1.503009,3.140529,16.677057,-0.530141,1.121186,-0.657692,7.724000,2119.328377

-3.119965,-1.016552,5.715175,16.685881,0.256321,-0.054783,-0.406535,7.724000,2724.316073

4.520148,4.460858,8.502978,16.691763,0.043476,0.215531,0.294789,7.720000,2777.167906

0.199532,2.370006,12.150593,16.677057,-0.368379,1.733116,0.747085,7.716000,2761.702281

-3.570228,4.935072,6.888734,16.665293,-1.653963,0.765735,0.158568,7.720000,2765.552584

1.665284,1.893397,14.610278,16.688822,-1.291062,0.132521,-0.673656,7.708000,2774.948028

-1.630263,4.841666,6.184599,16.671175,-2.097745,0.613551,-1.330283,7.712000,2775.502520

2.640057,-3.275055,10.246552,16.674116,-1.285741,-0.862530,-1.430320,7.712000,2269.669668

-3.713929,0.456385,8.431128,16.671175,-3.149199,-0.540069,-0.548077,7.716000,2777.167906

1.459313,2.702913,5.861271,16.662352,1.881393,0.371972,-1.965625,7.728000,2773.839254

-1.982330,-2.527809,12.768508,16.650587,0.330817,-0.854016,-1.834725,7.724000,2777.167906

1.974242,5.864339,3.564447,16.644705,1.270528,-0.965759,-1.217475,7.728000,2776.612565

-2.918783,1.414393,6.163043,16.662352,0.058375,-0.333610,-1.280264,7.716000,2774.948028

1.483263,3.660921,12.265553,16.653528,-0.361994,-0.583703,-0.611931,7.712000,2776.057437

-4.295919,6.508600,12.409255,16.665293,-0.435425,0.726359,-0.612995,7.724000,2777.167906

-0.581244,0.312684,11.920671,16.668234,-3.324796,-1.279706,0.289468,7.720000,2768.309369

-1.110543,3.771092,13.302597,16.665293,0.658598,-0.635850,0.639598,7.724000,2776.057437

-4.612062,2.496942,9.789104,16.650587,-0.538655,-0.492179,1.958173,7.728000,2777.167906

3.032840,0.367769,12.059582,16.668234,-1.170805,-1.713910,2.331716,7.716000,2774.948028

-3.431317,-2.065571,9.722043,16.659410,-2.134993,-0.891264,1.995421,7.720000,2776.057437

-4.200119,2.063443,12.998430,16.662352,-1.726330,-0.625207,2.484964,7.712000,2760.604313

-3.625314,5.030872,14.011523,16.656469,-0.895170,0.623129,2.497735,7.708000,2645.929814

-2.949918,1.740115,13.889378,16.644705,0.183954,-0.629464,1.540997,7.720000,2775.502520

0.142052,3.569910,7.930568,16.650587,0.557497,0.349623,2.599901,7.716000,2776.057437

-4.018097,2.851404,11.815290,16.665293,-1.228273,0.667826,2.639277,7.716000,2777.167906

-2.571505,-5.387463,13.079861,16.665293,-2.460646,-0.709281,1.876228,7.716000,2777.167906

0.623451,9.121566,12.768508,16.638823,0.738415,0.733808,1.943274,7.716000,2775.502520

-2.734366,-1.191388,4.805068,16.650587,-0.551426,0.685918,-0.415049,7.720000,2776.057437

1.406622,6.712176,13.590000,16.656469,0.500029,1.918291,-3.503431,7.724000,2776.057437

2.766993,5.552987,1.042492,16.650587,1.496144,-0.165462,-3.701377,7.728000,2775.502520

-0.229176,-1.315929,12.505055,16.656469,1.010857,1.095645,-3.754588,7.724000,2776.057437

2.805314,0.046837,-1.541734,16.656469,1.189647,-0.353830,-2.604161,7.720000,2776.612565

0.695301,1.467083,12.342195,16.632940,2.020807,0.065475,-2.926621,7.712000,2620.464249

1.804196,2.463411,8.591594,16.647646,-0.397113,-0.696510,-1.701697,7.720000,2756.220705

-1.187184,-1.294374,7.671906,16.621176,2.062311,0.851937,-0.752409,7.728000,2184.338371

0.985099,1.129385,7.839557,16.647646,0.320175,-0.213352,-0.389508,7.724000,2775.502520

-1.366810,0.125872,15.125207,16.632940,0.941682,-1.070053,-1.384558,7.720000,2774.948028

3.734581,1.740115,7.291098,16.638823,-0.161919,0.113365,-1.194062,7.732000,2774.948028

-5.035980,-1.979350,2.254372,16.624117,-1.471981,-0.215481,-1.956047,7.720000,2777.167906

-0.147745,-4.395925,-1.455513,16.629999,-2.307397,-1.913984,-1.270686,7.708000,2775.502520

1.607804,1.332962,29.006741,16.641764,-2.782042,-0.752914,-0.551270,7.704000,2776.612565

0.542020,2.073023,-0.995670,16.624117,3.421327,-2.173655,-0.548077,7.720000,2776.612565

-1.682953,9.389808,17.733383,16.632940,-0.918583,-1.432954,-0.014900,7.716000,2493.864870

-2.789452,1.258717,7.736571,16.641764,-2.473416,0.680597,-0.048956,7.720000,2776.612565

-0.818351,-2.075150,11.582973,16.635881,0.493643,-0.266563,0.261798,7.708000,2776.057437

1.492843,2.037098,6.400151,16.624117,1.714310,0.035677,0.602350,7.724000,2769.966067

-7.871684,12.898512,4.364384,16.632940,-0.756821,0.669955,1.598465,7.728000,2777.167906

-1.120123,-4.434245,2.290297,16.635881,0.195660,-3.740195,1.124885,7.720000,2074.681004

4.565653,1.955667,22.070765,16.629999,-1.333631,-1.027484,1.403712,7.728000,2063.581401

-6.022728,-1.612912,7.101892,16.612352,-2.800133,1.162691,1.262170,7.732000,2159.875427

-3.112780,-2.954123,8.100615,16.635881,-0.625921,-0.086709,1.819824,7.724000,2775.502520

0.953964,-0.674064,13.930093,16.624117,-0.068267,0.261292,0.633213,7.716000,2777.167906

1.073714,5.869129,10.584250,16.627058,-0.003350,0.535862,1.231307,7.716000,2777.167906

-3.045719,-0.331576,2.920187,16.609411,-1.398549,0.321953,-1.056777,7.736000,2776.057437

-1.627867,-0.020224,15.082097,16.603529,-1.381521,-0.304876,-0.802427,7.712000,2775.502520

1.171910,4.353082,4.730822,16.609411,0.121165,0.006942,-0.001066,7.712000,2776.612565

-1.567992,4.491993,9.669353,16.615294,0.213752,-0.178233,1.023783,7.724000,2772.177894

-1.220714,-3.243920,6.883945,16.591763,-2.219067,-1.249907,1.641034,7.724000,2776.612565

-4.571347,-1.023737,0.201840,35.771175,-0.152341,-0.266563,-0.274571,7.724000,2777.167906

-4.753368,-1.696738,6.280400,16.621176,-0.722766,-0.469830,1.340922,7.724000,2771.624673

-0.586034,-2.611635,9.652588,16.609411,-2.128608,-1.589395,1.160004,7.724000,2739.905225

-3.728300,3.311248,13.180451,16.615294,-1.768899,1.273370,1.471822,7.720000,2773.839254

-4.221673,4.168665,12.909814,16.629999,-2.793748,-0.410234,2.569038,7.708000,2698.375259

-5.105436,-1.251264,14.011523,16.615294,-3.263072,0.212338,2.565845,7.716000,2749.671248

-4.164193,0.861143,11.527888,16.606470,-2.105195,0.249586,2.575423,7.708000,2669.840384

-0.890202,3.569910,11.760204,16.603529,-0.713188,-0.146306,2.627570,7.712000,2775.502520

-4.743788,-0.571078,8.050320,16.609411,-0.680197,0.945589,2.377478,7.712000,2777.167906

-0.147745,2.164034,14.176780,16.600588,-1.721009,0.469880,1.986907,7.716000,2684.810419

-1.014742,-4.247433,7.547365,16.585880,-1.056933,0.643349,2.011384,7.712000,2776.612565

-1.469796,-4.060622,10.751902,16.615294,0.147770,0.060154,1.307931,7.720000,2775.502520

-3.050509,2.310130,9.331655,16.600588,-0.574839,0.642285,1.080187,7.720000,2745.865016

0.079781,-0.535153,10.826147,16.585880,-1.574146,1.028599,1.293032,7.716000,2772.177894

-2.981054,-0.444142,13.113391,16.582939,-1.499650,2.144971,0.444845,7.716000,2777.167906

-4.080368,-5.135985,8.591594,16.606470,-0.865372,0.647606,-0.673656,7.724000,2038.437895

1.210231,-0.777050,10.715977,16.594706,-1.142071,1.122250,-1.851753,7.724000,2769.413481

-4.499496,3.692056,7.178532,16.600588,-1.513485,3.776428,-1.953919,7.724000,522.298927

3.040026,-1.500346,10.548325,16.585880,-0.134249,1.038177,-3.252274,7.728000,1490.696657

-4.111503,0.844378,5.276886,16.600588,-0.904748,1.326582,-2.711647,7.720000,1490.696657

2.474801,2.774764,5.339157,16.585880,0.753314,0.345366,-3.259723,7.720000,2757.862783

1.274896,1.388048,5.815766,16.585880,-1.691211,0.071860,-2.844675,7.712000,2521.946955

-0.528554,-1.093193,14.895286,16.579998,-0.733408,-0.003700,-3.652422,7.708000,2455.063509

2.867584,4.748260,12.488291,16.588821,-0.541848,0.411348,-3.515137,7.720000,2720.579762

-3.244506,7.497743,8.050320,16.594706,-1.643321,-0.164398,-1.565477,7.712000,2228.509011

-2.748737,2.683753,14.583933,16.585880,-0.629114,-0.148434,-1.618688,7.716000,2777.167906

0.968334,-0.221405,8.905341,16.585880,-1.411320,-1.940590,-1.061034,7.716000,2776.612565

-7.660922,1.194051,13.786391,16.600588,-0.936675,0.231494,0.104293,7.712000,2776.057437

-0.763265,-2.067966,12.562536,16.577057,0.283991,-0.971080,1.613364,7.716000,2776.057437

-2.226622,2.267020,11.599738,16.565292,-0.977116,1.781006,0.975893,7.724000,2774.393535

-2.138007,3.905213,3.106999,16.559410,-0.170433,-0.454931,-0.877987,7.724000,2776.057437

-2.636171,0.022887,10.694421,16.559410,-1.111208,0.804047,-1.891129,7.712000,2776.057437

0.654586,-1.030922,10.553115,16.571175,-0.994143,-0.114379,-2.018836,7.712000,2776.057437

2.046093,2.666988,8.529324,16.568233,0.351037,-0.897649,-1.701697,7.712000,2776.612565

-1.673373,-2.408058,10.692026,16.565292,-0.517370,0.115493,-0.730060,7.712000,2741.528022

-2.458939,3.368729,9.810658,16.556469,-0.658912,0.059089,-1.052520,7.712000,2770.518653

-2.719996,-4.822238,14.468972,16.571175,-1.714624,-1.397835,-0.789656,7.712000,2775.502520

-2.286498,5.473951,10.919553,16.559410,-1.040969,0.666762,0.240514,7.708000,2776.057437

0.321678,5.521852,11.353051,16.562351,0.806526,0.467752,0.756663,7.716000,2774.948028

2.072438,-0.051359,10.835728,16.556469,1.000215,-0.474087,1.156811,7.720000,2777.167906

-1.757199,-3.033159,8.251501,16.574116,-1.234658,-3.189990,1.063160,7.712000,2776.612565

0.331258,-0.159135,3.015988,16.568233,0.104137,-0.729501,0.981214,7.720000,2765.001905

3.693866,1.320987,9.451406,16.547646,1.900549,-0.836988,0.727929,7.716000,2508.733414

0.453404,8.347975,7.279123,16.562351,1.291812,0.994543,1.269619,7.716000,2771.624673

4.951251,7.924056,3.174059,16.544704,1.234344,-0.307004,1.122756,7.716000,2772.731539

0.367184,1.512589,17.848345,16.553528,-0.493958,0.583753,1.168518,7.712000,2774.393535

-1.316515,-0.690829,7.317443,16.541763,-0.847280,0.722102,0.717286,7.716000,2752.396251

-3.424132,-0.132790,5.487648,16.562351,-1.405998,-0.333610,0.556588,7.716000,2774.948028

-1.979935,-2.690671,8.728109,16.535881,-1.866808,-0.448546,0.023412,7.716000,1810.881623

-1.211134,-1.435680,11.535073,16.553528,-2.170112,-0.693318,0.300110,7.716000,2738.824419

-4.037257,2.882540,9.099339,16.544704,0.840581,1.909777,0.416111,7.716000,2738.824419

-5.658685,-0.779445,12.816408,16.541763,-0.438618,-1.252036,0.365028,7.712000,2738.824419

1.090480,10.525047,8.845466,16.541763,0.875700,0.767863,0.156440,7.712000,2738.824419

1.286871,0.176168,5.293652,16.547646,1.586603,-0.050526,-0.141543,7.720000,2738.824419

1.703605,-0.446537,6.230104,16.559410,1.960146,-0.585831,-0.879051,7.716000,2738.824419

0.290543,-3.778010,8.902946,16.544704,1.873943,-0.309132,-0.987602,7.720000,2738.824419

-2.743947,-2.628400,5.626559,16.535881,0.405313,-0.653941,-1.211089,7.720000,2738.824419

-0.406408,-4.946779,5.549919,16.544704,-1.871065,-2.057654,-1.286650,7.716000,2738.824419

0.228273,0.430040,9.195139,16.541763,3.089288,-1.307376,-1.155750,7.720000,2738.824419

2.893929,1.536539,9.053833,16.547646,0.852287,-1.356330,-0.575747,7.720000,2738.824419

2.467616,5.485926,14.365986,16.541763,0.455331,-0.554968,-0.118130,7.720000,2738.824419

2.055673,5.440421,9.039463,16.529999,-0.081038,0.712524,0.968444,7.712000,33.140902

-3.014584,2.458621,5.868456,16.535881,0.042412,0.012264,0.732186,7.720000,33.140902

-0.248336,-2.178136,8.227551,16.544704,-0.285369,-1.271192,0.687488,7.716000,33.140902

-1.206344,2.410721,4.117697,16.544704,-0.824932,-0.856144,0.529983,7.708000,33.140902

-0.962052,-2.020065,7.470724,16.535881,-0.910070,-1.055154,1.488850,7.704000,33.140902

-2.272128,0.394115,8.785590,16.527058,1.104509,0.192118,1.580373,7.708000,33.140902

-1.637448,2.187984,4.184758,16.538822,-0.662105,-1.124329,1.655933,7.716000,33.140902

0.254618,-3.483422,13.563655,16.527058,-2.767143,-1.115815,2.417918,7.704000,33.140902

0.645006,-4.898879,9.178373,16.544704,0.144578,-1.127522,2.744635,7.704000,33.140902

-2.619406,1.443133,-2.763194,16.532940,0.199917,0.646542,3.229922,7.704000,33.140902

-0.037575,2.302945,8.356882,16.521175,2.118715,-0.648620,4.257964,7.712000,33.140902

1.078505,4.039334,6.373806,16.538822,0.071146,-0.550712,4.046183,7.712000,33.140902

-0.799191,0.449200,9.034673,16.518234,2.212367,1.347866,4.325010,7.716000,33.140902

-4.073183,0.861143,16.789745,16.529999,-0.486508,0.460302,4.112164,7.716000,33.140902

-0.885411,-1.497951,7.310258,16.535881,-0.415205,1.707574,2.955352,7.724000,33.140902

-2.583480,10.565763,9.022697,16.544704,2.558240,3.710446,1.558024,7.732000,33.140902

1.765875,6.760077,10.821357,16.544704,1.408877,2.368458,-0.509765,7.732000,22.781037

0.949174,7.090590,10.823752,16.506470,-0.833445,0.088888,-2.478582,7.724000,22.781037

1.303637,0.154613,13.707355,16.538822,2.115523,2.472752,-1.750652,7.724000,22.781037

-3.907926,6.288258,8.083850,16.538822,-0.195974,2.823946,-2.416857,7.724000,22.781037

5.880519,-3.236735,13.795971,16.535881,2.202789,0.344302,-1.911350,7.728000,22.781037

3.313058,4.700360,6.519902,16.503529,-1.567761,0.679533,-2.028414,7.728000,22.781037

0.400714,4.420143,9.621452,16.512352,-0.515242,0.662505,-0.584261,7.724000,22.781037

-3.110384,4.779396,15.292858,16.521175,-2.054111,1.553262,-0.199011,7.716000,22.781037

-1.397946,4.571029,16.799326,16.518234,0.024320,1.201003,-0.366095,7.720000,22.781037

2.146683,10.216090,10.675261,16.521175,0.348909,1.318068,-0.337361,7.720000,22.781037

-1.148864,9.859232,5.650509,16.521175,0.965095,1.791648,-0.959932,7.716000,22.781037

4.146524,11.444735,9.367580,16.515293,1.420583,1.784199,-0.253287,7.712000,22.781037

0.951569,-1.687157,9.841794,16.521175,0.115844,1.977888,-1.490981,7.712000,22.781037

0.743202,0.533026,9.621452,16.509411,-1.399613,0.318760,-1.754909,7.720000,22.781037

-2.523605,-4.268989,9.844189,16.518234,-3.813276,0.450724,-2.129516,7.708000,22.781037

-4.719838,3.953113,12.665523,16.524117,-1.120786,1.026470,-2.961740,7.708000,22.781037

0.405504,3.950719,10.387858,16.515293,1.330124,1.905520,-3.969561,7.720000,22.781037

-0.554899,-3.981586,8.227551,16.521175,-1.399613,0.047383,-3.957855,7.716000,23.307775

-0.655490,-4.331259,10.356724,16.518234,-1.258071,-0.180361,-3.639652,7.720000,23.307775

-2.734366,-4.645006,6.649232,16.518234,-1.880643,-0.717795,-2.691427,7.716000,23.307775

-4.051627,-0.357922,9.199929,16.515293,-1.805083,-0.285720,-1.419678,7.716000,2738.284334

-0.471073,1.495824,1.521496,16.497646,0.106265,-0.367665,-1.730432,7.724000,967.317296

-3.414552,-1.953005,10.567485,16.535881,-2.674555,-1.062604,-1.116374,7.720000,967.317296

-6.027518,9.801751,14.121694,16.527058,1.627043,0.268742,-2.053956,7.724000,967.317296

2.628082,5.497901,9.513677,16.500587,2.763636,-0.205903,-1.486724,7.728000,967.317296

1.758690,1.031190,11.724279,16.503529,-0.695096,-0.644363,-1.752780,7.724000,967.317296

-3.397787,5.677528,6.491161,16.500587,0.209495,-1.028549,-1.457990,7.724000,967.317296

-0.614774,2.262230,10.541140,16.497646,2.161284,-1.164769,-2.669078,7.724000,967.317296

4.350101,-0.159135,8.629914,16.509411,1.272656,-2.379050,-1.318576,7.720000,967.317296

1.301241,5.138649,8.083850,16.512352,1.144949,-2.353509,0.157504,7.720000,967.317296

-4.494706,-6.553837,5.485253,16.518234,-1.639064,-2.114058,0.217101,7.716000,967.317296

-0.763265,1.984407,10.248947,16.509411,1.952696,-1.020035,-1.037621,7.720000,37.024464

0.182767,-1.011762,6.536667,16.524117,1.482309,-1.948039,-2.205076,7.716000,37.024464

2.596947,5.078773,10.598620,16.509411,1.989944,-2.379050,-2.404086,7.712000,348.216756

3.123851,4.542289,7.942543,16.503529,2.121908,-2.066168,-1.810248,7.700000,2518.287980

-0.418383,4.068075,6.780959,16.521175,0.743736,-1.394642,-0.657692,7.708000,2678.078957

-2.652936,-0.678854,10.608200,16.503529,-0.397113,-2.051269,-0.056405,7.704000,2551.137178

-3.064879,0.944969,8.847861,16.506470,1.548291,-2.049141,0.369285,7.716000,1103.013684

0.846188,-1.006972,3.856640,16.503529,0.550047,-3.328339,0.666204,7.708000,2730.745181

1.880836,-1.462026,22.602459,16.509411,-2.302076,-3.195311,2.348744,7.708000,1041.776551

-2.530790,4.180641,14.454601,16.518234,-1.361301,-1.300990,3.123500,7.704000,1041.776551

-5.936508,-0.530363,8.979588,16.500587,0.933168,-3.028228,4.959288,7.704000,1041.776551

0.510885,-0.048964,3.997946,16.500587,0.528763,-2.747272,6.413019,7.704000,1041.776551

-2.667306,-1.850019,11.039304,16.515293,0.218009,-2.026792,6.768471,7.688000,92.987608

0.544415,-5.068925,10.936318,16.515293,-0.715316,-2.499308,7.316547,7.700000,92.987608

-2.834957,-1.749428,5.384662,16.503529,-1.716752,-1.457431,7.739044,7.692000,220.585225

-2.552345,1.371283,3.753654,16.497646,-0.257700,0.080374,9.021436,7.696000,220.585225

-1.891320,0.643197,14.452207,16.488823,-0.745115,0.432633,9.129987,7.708000,2682.735679

0.767152,2.719678,4.939188,16.491764,2.394350,0.617808,7.047297,7.720000,2338.470850

1.991007,4.171061,9.817844,16.506470,0.873572,-0.084581,4.121743,7.720000,2774.393535

-1.484166,-3.552878,11.676379,16.518234,1.479116,1.961924,3.988714,7.716000,2760.055541

7.645648,6.225987,2.867497,16.491764,3.252115,0.373036,1.704887,7.716000,2764.451438

5.185963,2.365216,7.075546,16.500587,1.631300,2.082181,1.065288,7.712000,1823.006307

4.829105,4.015384,8.491003,16.497646,0.589424,3.763657,0.469322,7.708000,2760.055541

1.761085,8.520416,7.559340,16.494705,1.448253,4.624616,-0.114938,7.704000,2591.125074

1.483263,0.966524,11.856006,16.494705,1.027884,3.583803,-0.964189,7.704000,2615.035643

0.534835,-5.993402,10.998589,16.482941,-0.679133,1.578803,-2.229553,7.688000,997.761007

-2.837352,-1.799723,13.137341,16.500587,-1.913634,2.280127,-3.543871,7.696000,997.761007

4.860240,8.470120,5.691225,16.509411,-1.257007,1.772492,-3.195870,7.684000,997.761007

-0.811166,9.435313,14.548008,16.488823,0.619222,3.711510,-3.391687,7.684000,997.761007

0.513280,8.862904,7.403664,16.488823,-0.391792,2.419541,-1.909221,7.680000,997.761007

-1.637448,-1.790143,8.297007,16.500587,-1.484751,2.364201,-0.758794,7.676000,997.761007

-5.761671,2.398746,10.344748,16.491764,-2.287177,0.765735,-1.273879,7.684000,997.761007

-0.296237,2.360425,2.309457,16.477058,-0.165112,1.627757,-0.999309,7.672000,997.761007

0.963544,-6.101178,13.407978,16.477058,-2.623472,-1.349945,-1.612302,7.664000,997.761007

-0.195646,-4.139657,23.845474,16.488823,-3.355659,-0.346380,-1.180227,7.676000,997.761007

-1.462611,-0.250146,20.161934,16.468235,-1.694403,2.182219,-0.157507,7.680000,997.761007

-7.090907,12.536863,-0.320274,16.474117,-0.885592,4.761900,-0.022350,7.680000,997.761007

-0.138165,-1.909894,12.093113,16.482941,-1.991322,-1.132843,-0.837547,7.672000,30.912171

0.204322,-0.415402,8.531718,16.491764,-0.043790,0.748707,-0.840739,7.688000,2490.286834

-3.718719,-0.377082,6.778563,16.480000,-0.614215,0.127200,-1.195126,7.680000,2444.259692

3.873492,2.657408,9.298124,16.474117,1.814347,-0.739079,-2.129516,7.680000,2474.752983

-0.751290,5.476346,10.589040,16.474117,0.004100,1.063718,-2.214654,7.684000,1496.802753

-1.227899,2.106554,12.045212,16.491764,-0.549297,0.059089,-2.002873,7.672000,1160.441194

-0.502208,3.960299,7.662326,16.488823,3.160592,0.742322,-2.426435,7.696000,2696.803101

-1.287775,3.756722,5.142766,16.474117,1.677062,0.236815,-1.347310,7.692000,2696.803101

1.502423,-8.347707,7.818002,16.488823,-1.703982,-1.886314,-1.191934,7.680000,2696.803101

-5.220397,-0.887221,18.439915,16.465292,-2.206296,0.568853,0.029797,7.676000,2696.803101

-3.409762,4.863221,9.939990,16.480000,0.197789,1.957667,0.423560,7.668000,2696.803101

0.096547,1.440738,8.651469,16.471176,-0.752564,0.531605,0.871599,7.676000,2696.803101

-0.269891,-0.530363,9.087363,16.477058,0.126486,-2.417363,0.697066,7.676000,2696.803101

3.880678,4.597374,3.880590,16.453527,3.147821,-1.051962,-0.123451,7.676000,2696.803101

-0.011229,-2.920593,13.927697,16.468235,-1.259135,-1.838424,-1.650615,7.668000,2696.803101

0.910853,0.870723,9.082573,16.465292,-2.956575,-0.218673,-2.393444,7.672000,2547.393027

-2.221832,2.908885,17.419636,16.459410,-2.746922,0.278320,-2.508380,7.672000,2261.169211

-1.754804,8.997025,11.362632,16.468235,-0.093809,1.960860,-3.235246,7.676000,2452.028948

0.134867,5.591307,6.079218,16.456469,-0.313039,1.312747,-2.723354,7.680000,2516.006445

-1.316515,2.446646,5.557104,16.453527,-0.091680,-0.388949,-3.739689,7.684000,2135.954475

-3.287616,0.307894,7.626400,16.447645,-0.344966,0.454981,-3.458733,7.668000,2076.852997

0.307308,1.859866,9.681328,16.453527,0.493643,-1.065796,-3.667321,7.672000,2429.718292

1.432967,4.678805,14.059423,16.477058,1.912256,0.533734,-2.575426,7.672000,2430.143325

-1.860184,4.724310,7.465934,16.453527,1.707924,-0.738015,-1.544192,7.688000,2551.605859

3.018471,0.849168,7.449169,16.462351,0.502157,-0.720988,-0.723674,7.680000,2606.201049

-2.755922,2.319710,11.889536,16.447645,-0.889849,-1.070053,-1.011015,7.684000,2488.947745

-1.601522,5.073983,10.814172,16.468235,0.222266,0.180411,-1.180227,7.688000,2763.351139

-1.527277,1.864656,5.801396,16.447645,1.632364,-0.448546,-1.499495,7.684000,2763.351139

2.005377,-1.914684,6.311535,16.456469,0.743736,-1.536184,-1.766615,7.684000,2763.351139

-0.794401,-4.055832,7.911408,16.465292,-0.315168,-0.971080,-2.064598,7.684000,2763.351139

-2.526000,-1.119538,11.072834,16.447645,0.395735,-1.691561,-1.986910,7.684000,2763.351139

-4.283944,1.443133,12.830778,16.456469,0.535148,-0.955117,-1.774065,7.692000,2763.351139

-2.090106,4.120765,11.530283,16.447645,-0.429040,-1.651120,-1.615495,7.684000,2763.351139

-2.633776,6.096656,14.871335,16.474117,0.644763,0.530541,0.518276,7.692000,2763.351139

-2.581085,4.949442,6.093588,16.459410,1.222638,-0.694382,0.112807,7.688000,2763.351139

-2.609826,-0.583053,10.639336,16.468235,0.051990,-1.539377,0.757727,7.688000,2763.351139

-2.674491,1.689820,5.890011,16.459410,-1.766771,-0.929576,0.725800,7.668000,2763.351139

-1.958380,-2.851137,11.544653,16.462351,1.048105,-0.172912,0.792846,7.668000,36.712979

-0.954867,6.293048,8.112590,16.444704,0.447882,-1.106237,0.040439,7.672000,36.712979

2.984940,3.459739,10.466894,16.441763,1.023628,-1.081760,0.302239,7.664000,36.712979

5.322479,8.228224,9.925620,16.450586,1.107701,-1.557469,-1.030171,7.664000,36.712979

-6.875355,7.318116,8.265871,16.441763,2.622094,-3.129329,-0.653436,7.680000,36.712979

5.298529,2.825059,10.780642,16.441763,0.628800,-2.308812,0.254348,7.684000,36.712979

-2.430199,2.561607,12.057187,16.444704,-0.038469,-1.119008,0.656626,7.680000,36.712979

-2.042206,-0.748310,10.711186,16.432940,-1.371943,-0.355958,0.784333,7.676000,36.712979

-2.648146,1.071905,11.417717,16.421175,-1.078217,-0.517721,1.035490,7.680000,36.712979

-1.019533,4.204591,5.662485,16.432940,-0.371572,-0.459188,1.470758,7.676000,36.712979

-0.590824,-5.619779,6.026527,16.435881,-1.161227,-1.065796,1.603786,7.676000,36.712979

-4.643197,-5.583854,14.993481,16.441763,-2.561747,-0.387885,3.147977,7.676000,36.712979

-2.348768,0.214488,11.142290,16.441763,-2.667105,-0.050526,4.061082,7.672000,36.712979

-2.885253,8.398270,12.878679,16.432940,-1.368751,1.985337,4.430368,7.684000,36.712979

1.521583,6.999578,12.215259,16.444704,-0.389663,-0.003700,2.611607,7.684000,36.712979

2.041302,4.959022,10.184282,16.447645,0.229716,-0.119700,2.385991,7.680000,36.712979

0.043856,5.083563,8.828701,16.441763,0.117972,0.652927,1.864521,7.684000,36.712979

-2.360744,-1.576987,11.041698,16.429998,0.103073,0.556083,1.407969,7.680000,36.712979

-0.418383,-1.026132,7.940148,16.441763,-0.202360,1.028599,1.152555,7.684000,36.712979

-2.911598,-1.253659,4.371569,16.435881,-0.237479,0.267678,0.767305,7.688000,20.479834

0.252223,-2.046410,7.087521,16.435881,-1.287870,0.271935,0.661947,7.688000,20.479834

0.082176,-2.817607,10.739926,16.447645,-1.104823,0.556083,-0.451233,7.684000,20.479834

-1.079408,-2.135026,9.379556,16.459410,-3.116208,0.681661,0.356514,7.688000,20.479834

-3.333121,5.351805,12.059582,16.432940,-1.001593,1.749079,-0.337361,7.692000,20.479834

-0.207621,1.912557,6.009762,16.447645,0.388285,0.103787,-0.048956,7.684000,20.479834

-1.757199,-2.822397,12.524216,16.444704,-2.627729,-0.840181,0.488478,7.680000,20.479834

2.467616,-0.578263,12.919394,16.432940,-0.137442,0.508193,-0.425691,7.680000,20.479834

-7.047797,1.814361,0.944296,16.435881,-0.539719,-0.075003,-0.562976,7.680000,20.479834

2.434086,3.277718,13.748071,16.462351,-1.308090,-0.429390,-1.369659,7.680000,20.479834

2.374210,-1.153068,12.380515,16.453527,-1.122915,0.894506,-1.459054,7.680000,20.479834

-4.547396,0.595296,8.031159,16.441763,-1.486880,1.798033,-0.680041,7.688000,20.479834

0.623451,-0.422587,5.341552,16.444704,-0.170433,-0.839117,-1.147236,7.688000,1863.370927

2.031722,3.208262,6.879155,16.444704,0.579846,0.182540,-0.609802,7.688000,640.343077

2.077228,3.117252,10.462104,16.435881,0.105201,0.914727,-0.915235,7.696000,1736.381052

0.053436,2.607113,13.046330,16.441763,-1.019685,-0.223994,-1.563348,7.684000,2735.048063

-1.292565,8.182718,9.053833,16.438822,-1.346402,0.928562,-2.081626,7.692000,1427.556196

3.222047,5.459581,5.245751,16.438822,0.413827,-0.278270,-2.569041,7.676000,324.587167

-2.288893,-2.956518,10.445339,16.429998,0.952325,1.066911,-2.892565,7.684000,687.009676

-2.945128,-1.200969,8.718530,16.450586,1.253500,-1.373358,-3.548128,7.692000,687.009676

0.336049,5.605677,10.464499,16.438822,-1.484751,0.035677,-0.898207,7.700000,687.009676

-3.577413,1.816756,7.621611,16.427057,-1.301704,0.087824,0.151119,7.692000,687.009676

-3.266061,4.518338,13.441508,16.447645,-1.546476,-0.546455,0.391634,7.692000,687.009676

0.812657,4.683595,13.695380,16.450586,0.255257,0.510321,1.338794,7.700000,687.009676

2.161053,4.705150,11.580578,16.450586,-0.338581,-0.318710,1.605914,7.696000,687.009676

-1.134493,8.027042,9.508886,16.450586,-0.011864,0.363458,1.931567,7.696000,687.009676

0.975519,4.317157,12.622412,16.438822,-1.493265,-0.064361,1.912411,7.684000,687.009676

-6.643038,2.537657,14.492922,16.444704,-1.774220,0.757221,1.764484,7.688000,687.009676

-2.696046,8.335999,11.106364,16.438822,-0.551426,1.922548,2.467937,7.696000,687.009676

1.531163,-1.224919,12.006892,16.447645,-2.050919,0.115493,2.396634,7.688000,687.009676

-1.275800,0.173773,12.574512,16.456469,-1.975359,1.557518,1.179160,7.680000,687.009676

-3.076854,4.937467,7.784472,16.459410,-2.188204,-0.084581,0.268183,7.684000,687.009676

0.187557,8.771894,11.954202,16.453527,-0.392856,1.881043,-0.848189,7.696000,687.009676

1.823356,6.733731,9.793894,16.453527,1.359923,1.315939,-1.531421,7.692000,687.009676

2.953805,3.871683,9.635822,16.447645,1.907999,0.335788,-2.098654,7.700000,687.009676

3.176542,-0.482463,10.495634,16.450586,-0.290691,-1.084953,-2.805299,7.692000,21.863918

-1.467401,2.846615,7.839557,16.453527,-2.895914,-0.361279,-2.860639,7.696000,21.863918

-0.126190,-2.443984,15.680852,16.444704,-5.040328,-1.593652,-2.427499,7.684000,21.863918

-0.368087,7.119329,21.251667,16.429998,0.445753,1.968310,-3.157557,7.704000,21.863918

-3.814520,7.619888,6.742639,16.441763,0.252064,0.003750,-0.841803,7.708000,21.863918

2.278409,0.185748,9.427456,16.441763,-2.186076,-0.450674,0.106421,7.704000,21.863918

-3.371442,-4.007931,8.380832,16.450586,-2.119030,-1.240329,-0.965254,7.704000,21.863918

-1.500932,-1.119538,6.759404,16.435881,-1.302769,-0.518785,0.089394,7.696000,21.863918

-3.014584,-0.997392,6.867179,16.447645,-0.489701,-0.450674,-0.163892,7.696000,21.863918

-0.811166,-3.763639,12.608042,16.438822,-1.233594,-1.453174,0.664075,7.688000,21.863918

-0.186066,-1.373410,11.906301,16.429998,-0.573774,-1.087081,0.831159,7.692000,21.863918

-1.235084,-1.282399,2.750141,16.429998,-1.175062,-0.690125,0.593836,7.692000,21.863918

-7.011871,0.075577,5.446933,16.432940,-1.880643,-1.348880,0.088329,7.692000,21.863918

-1.611102,-0.377082,17.491486,16.415293,0.246743,0.295347,-0.489545,7.688000,21.863918

2.134708,3.009476,6.737848,16.432940,1.446125,0.663569,-0.797106,7.696000,28.534815

-2.473310,-6.846029,11.477592,16.432940,-1.410255,-0.159077,-0.453361,7.688000,28.534815

-2.561925,0.480335,14.004338,16.429998,-1.500715,0.516706,-2.294471,7.696000,28.534815

-3.883976,0.030072,4.136857,16.418234,-1.424090,0.675276,-1.546321,7.696000,28.534815

-4.731813,-2.077546,4.532035,16.421175,-1.998772,-0.412362,-1.897515,7.692000,99.913941

-0.614774,1.107830,12.263159,16.418234,-0.447132,-1.430826,-2.321077,7.692000,99.913941

3.111876,10.548998,7.700646,16.424116,2.015485,-0.530491,-1.299420,7.700000,99.913941

0.326468,5.469161,5.633744,16.415293,1.614273,-2.116187,-0.280957,7.696000,99.913941

-4.065998,2.195169,20.224203,16.429998,-2.718188,-0.819960,1.730429,7.692000,99.913941

-2.851722,3.526800,11.987732,16.429998,-0.680197,-0.855080,2.497735,7.704000,99.913941

-4.918624,-0.662089,10.641730,16.424116,-2.656463,-1.094531,2.477515,7.692000,99.913941

-6.937626,1.814361,12.234419,16.418234,0.852287,-1.321211,3.051132,7.692000,99.913941

1.341957,2.954390,-0.629232,16.421175,-0.302397,-0.468766,2.900012,7.692000,99.913941

1.919157,-7.176542,16.981348,16.429998,-1.608201,-1.972516,2.758470,7.692000,99.913941

-0.586034,3.694452,8.567643,16.421175,-0.905813,-1.525542,2.275312,7.700000,99.913941

-0.657885,1.414393,2.216052,16.412352,-2.166919,0.332595,1.633584,7.688000,99.913941

2.230509,0.779713,14.258210,16.415293,0.626672,0.681661,2.183789,7.696000,99.913941

-1.333280,-0.108840,8.277846,16.427057,-0.241736,0.367715,0.290532,7.704000,99.913941

4.081859,1.816756,7.959308,16.418234,-0.367315,0.172962,-0.344810,7.700000,99.913941

1.854491,16.344944,3.195614,16.415293,0.259514,2.306733,-1.362210,7.700000,99.913941

3.940553,1.464688,18.133352,16.415293,1.971852,1.115865,-2.371095,7.696000,99.913941

2.139498,-4.941989,0.441342,16.412352,0.881021,0.878543,-1.795349,7.704000,22.227835

-5.891002,9.502374,10.809382,16.432940,0.013678,1.752272,-2.511573,7.704000,22.227835

3.981268,-7.368144,10.124407,16.415293,-3.205603,-3.429441,-0.264993,7.688000,22.227835

0.906063,3.090906,14.095348,16.418234,1.201353,2.080053,0.317138,7.708000,460.253203

-6.597533,-1.627282,1.066442,16.424116,-0.115093,0.685918,0.494863,7.704000,900.800510

-3.582203,-0.736335,2.673500,16.397646,-2.574518,-0.017535,2.062467,7.696000,2631.389050

-2.303263,4.489598,8.306586,16.435881,-0.069332,-0.583703,0.636405,7.696000,2773.839254

1.543139,-14.160419,22.343796,16.421175,0.682011,-1.001943,0.969508,7.696000,2723.781709

-7.148387,5.327855,1.095182,16.406469,0.367001,-0.215481,0.869471,7.696000,2750.215783

-3.333121,-4.218693,13.685801,16.424116,-2.148828,0.261292,1.875163,7.692000,2596.940150

1.535953,2.326895,13.630715,16.409410,-2.017928,-0.311261,1.313253,7.696000,2695.755985

-2.298473,2.734049,6.543852,16.409410,-2.716060,-0.223994,0.921618,7.700000,2693.141796

-6.084999,3.227422,17.134628,16.427057,-3.365237,1.069039,0.456551,7.684000,2491.180337

3.334613,7.694135,12.711027,16.412352,1.588731,2.981452,1.471822,7.696000,1340.202600

-1.378785,-2.233222,2.345383,16.415293,-1.908313,-1.212660,0.852443,7.696000,2707.318972

-0.418383,0.743787,13.436718,16.429998,-1.127172,0.787020,0.689617,7.692000,2707.318972

0.673746,4.779396,6.455236,16.421175,2.824297,1.525592,0.917361,7.708000,2707.318972

-0.947682,-1.742243,4.438630,16.415293,-2.567068,-1.110494,0.649176,7.692000,141.030256

1.179096,2.051468,9.152028,16.421175,1.778163,1.458546,0.723672,7.696000,141.030256

-0.226781,1.237161,7.085126,16.427057,-0.181075,0.356008,0.280954,7.700000,141.030256

-2.085316,-1.620097,12.631992,16.421175,-2.585160,0.737001,0.011705,7.704000,141.030256

1.813776,-1.526691,4.996669,16.427057,-1.302769,0.517771,-0.157507,7.700000,141.030256

-3.678004,3.598651,11.096785,16.424116,-1.449632,0.763607,-1.140851,7.700000,141.030256

1.555114,-1.074032,10.215417,16.412352,-1.457081,0.356008,-0.992923,7.704000,141.030256

-3.924691,4.084840,6.318720,16.427057,-1.346402,0.569918,-1.833661,7.696000,141.030256

-1.608707,-0.523178,20.286474,16.421175,-2.278663,-0.158012,-1.230246,7.696000,141.030256

3.540585,2.954390,5.616979,16.412352,-0.156598,0.164448,-1.587825,7.688000,141.030256

-2.775082,1.993988,12.136223,16.429998,0.219073,1.910841,-1.635715,7.692000,141.030256

-1.098568,1.486243,7.861113,16.409410,1.470602,-0.637978,-1.962433,7.696000,141.030256

-1.218319,2.216724,-2.674578,16.429998,2.153835,0.675276,-2.226361,7.704000,141.030256

-2.837352,-7.428019,13.867822,16.421175,-2.982116,-3.962617,-2.558399,7.692000,1806.640611

1.052159,4.321947,5.336762,16.421175,1.608951,2.548312,-1.009951,7.704000,1806.640611

-2.640961,-3.483422,6.057663,16.427057,-1.531577,-1.264807,-1.713404,7.700000,1806.640611

0.783917,-4.278568,4.793093,16.424116,-0.753628,-1.438275,-1.005694,7.696000,1806.640611

-6.947206,5.126673,10.931528,16.421175,-2.830996,0.079310,-0.728996,7.688000,107.186005

5.363194,-3.732504,21.254063,16.427057,1.274785,-0.110122,-1.149364,7.692000,107.186005

-10.807978,8.173139,-1.311812,16.429998,-0.779170,0.557147,-0.782207,7.696000,107.186005

-5.869447,-2.637980,8.790380,16.418234,-0.182140,-2.011893,0.523597,7.692000,107.186005

-1.738038,1.445528,5.310417,16.444704,1.230087,-0.749722,0.228807,7.684000,107.186005

-0.348927,-3.725319,3.468647,16.406469,-4.050598,-2.199196,0.589579,7.680000,107.186005

-5.359308,-4.989889,14.284555,16.412352,-3.133236,-0.417683,-0.252223,7.680000,107.186005

-1.261430,5.045243,10.162726,16.418234,0.594745,-1.080696,-1.346246,7.692000,107.186005

0.925223,4.786581,8.567643,16.403528,0.658598,-0.614565,-0.632151,7.696000,107.186005

0.997074,8.213854,7.204877,16.429998,3.488373,0.856194,0.096843,7.704000,107.186005

-0.715365,-2.661930,17.445982,16.415293,-3.719624,-1.586203,0.454423,7.696000,107.186005

2.371815,1.172496,-1.043570,16.418234,2.582717,0.023970,1.315381,7.696000,107.186005

-5.232372,-6.874770,15.098862,16.415293,-2.577710,-0.424069,0.902462,7.700000,107.186005

-0.260311,-5.703605,5.387057,16.424116,-0.889849,-0.932768,2.321074,7.692000,107.186005

-1.651818,-0.202245,6.582172,16.409410,0.571332,-1.540441,1.439895,7.704000,107.186005

-3.697164,5.440421,3.806345,16.444704,1.024692,-0.014342,1.314317,7.700000,107.186005

2.532281,-1.200969,15.381474,16.421175,0.795883,-0.511335,1.762356,7.708000,21.973316

-1.120123,0.137847,1.737048,16.441763,-1.359173,-0.943411,0.975893,7.704000,21.973316

1.679655,-2.784076,9.334050,16.406469,-0.636564,-0.593281,0.814131,7.704000,21.973316

-3.060089,0.779713,18.964424,16.418234,-3.204539,-1.543634,0.223486,7.700000,21.973316

-1.067433,3.038216,12.155383,16.427057,-0.986694,2.358880,0.589579,7.700000,21.973316

-0.880621,7.809095,10.215417,16.412352,1.078967,1.537298,0.390569,7.716000,21.973316

-0.039970,1.332962,5.176296,16.403528,-0.684454,-1.447853,0.114935,7.708000,21.973316

2.364630,5.998460,7.829977,16.400587,1.273721,0.997736,1.062095,7.712000,21.973316

1.983822,-5.420993,8.625124,16.406469,0.264835,1.309554,0.976957,7.704000,21.973316

-2.049391,6.961258,9.389135,16.403528,0.505350,0.484780,-0.637472,7.704000,21.973316

6.579865,-0.010644,3.760839,16.400587,-0.880271,-0.712474,-1.269622,7.700000,21.973316

-0.471073,-3.313376,4.555985,16.388823,0.388285,0.602909,-1.757037,7.708000,21.973316

-2.655331,-2.930173,9.185558,16.394705,-1.494329,-0.757171,-1.396265,7.700000,21.973316

0.259408,1.962852,9.963940,16.406469,-1.297448,-1.277577,-1.945405,7.704000,21.973316

-1.512907,-6.699933,12.004497,16.379999,-0.670619,-0.050526,-1.023786,7.708000,21.973316

-3.881581,-3.485817,8.222761,16.406469,-2.128608,-0.242086,-0.770500,7.700000,21.973316

-0.317792,-3.500187,7.094706,16.388823,-1.566697,0.552890,-0.221360,7.704000,21.973316

1.006654,-0.573473,8.874207,16.403528,0.616029,-0.740144,-0.406535,7.704000,23.065911

-2.418224,4.879986,7.212062,16.397646,0.631993,0.624193,-0.470389,7.708000,23.065911

-2.770292,-2.922987,9.484936,16.400587,0.232908,-1.685176,-0.665142,7.700000,23.065911

1.725160,5.627233,8.895761,16.400587,0.087109,0.652927,0.341615,7.708000,23.065911

-0.411198,9.305983,6.828859,16.391764,1.068325,0.560340,-0.029800,7.704000,23.065911

-0.135770,-4.673747,13.424744,16.394705,0.312725,0.275127,0.134091,7.704000,23.065911

-2.731972,1.826336,10.648915,16.382940,0.345716,0.072924,-0.373544,7.708000,23.065911

0.700091,-4.369579,7.441984,16.385881,-1.675247,-0.898713,-0.221360,7.704000,53.942769

-3.474427,0.190538,8.809541,16.397646,-0.418398,-0.193132,0.162825,7.688000,53.942769

1.785035,3.325619,8.550879,16.377058,0.666048,0.042062,-0.027671,7.692000,53.942769

-0.305817,10.350211,9.595107,16.379999,1.486565,1.745886,-0.528921,7.680000,190.396949

4.503383,1.344937,4.496110,16.394705,1.462088,-0.148434,-1.217475,7.684000,2675.498881

2.795734,-2.283517,6.225314,16.385881,-1.464531,-1.380807,-0.965254,7.680000,2451.163201

-2.221832,-2.333813,9.528047,16.391764,-2.181818,-0.663519,-0.455490,7.680000,2368.788704

2.278409,-0.511203,10.478869,16.377058,1.759007,0.261292,-0.309691,7.684000,1297.499448

-5.819151,12.318917,3.396796,16.382940,-0.326874,0.734873,-0.766243,7.684000,2527.455228

2.093993,-4.815053,12.708632,16.385881,-2.212681,-0.732694,-1.074869,7.668000,940.138036

-2.320028,3.574700,16.653229,16.379999,0.589424,0.708267,-0.918428,7.672000,940.138036

-0.473468,1.814361,2.975273,16.377058,1.928219,-0.335738,0.742828,7.668000,174.864807

-1.326095,-1.964980,12.205678,16.388823,-1.167612,-1.117944,0.361835,7.668000,174.864807

-2.128427,-4.592316,9.872930,16.365294,-1.274035,-0.618822,1.298353,7.664000,174.864807

-3.986962,0.379744,11.750625,16.382940,-0.433297,-0.563482,1.183417,7.664000,174.864807

-1.215924,3.071746,2.156176,16.388823,0.634121,-1.114751,1.228114,7.660000,174.864807

-0.700995,-5.401833,7.224037,16.391764,-2.022185,-0.633721,0.549139,7.652000,174.864807

-2.037416,5.356595,16.207756,16.388823,0.365936,0.502871,1.352629,7.664000,174.864807

-0.801586,4.441698,2.445973,16.379999,-1.416641,0.035677,1.154683,7.664000,174.864807

1.109640,-1.174623,10.816567,16.362352,0.630928,0.939204,0.485285,7.648000,174.864807

-0.770451,-0.729150,12.069162,16.374117,-0.089552,0.053768,0.327780,7.652000,174.864807

-0.732130,5.485926,8.055109,16.356470,-0.097002,0.383678,-0.239452,7.660000,174.864807

0.654586,-0.961466,11.115945,16.377058,0.196725,0.248522,-0.312884,7.644000,174.864807

1.564694,2.015543,14.001943,16.362352,0.592616,0.269806,0.187302,7.648000,174.864807

-3.354676,5.555382,4.393124,16.362352,-0.238543,0.857258,-0.442719,7.644000,174.864807

-0.027994,3.933954,10.390254,16.385881,-0.487572,-0.403848,-0.704518,7.656000,174.864807

1.174305,4.616534,18.923708,16.371176,-1.396420,0.573110,-0.555527,7.656000,174.864807

1.092875,0.188143,6.639653,16.365294,-0.351351,-0.071810,-0.289471,7.652000,174.864807

-1.776359,7.730060,9.767549,16.356470,-1.700789,0.911534,-0.657692,7.652000,174.864807

-1.311725,5.306300,9.051437,16.374117,1.130050,0.697625,-0.648114,7.628000,174.864807

7.628883,-3.279845,10.014235,16.379999,0.360615,-0.551776,-0.335232,7.632000,174.864807

-1.493746,2.480176,9.322075,16.377058,-1.833817,-0.004764,-0.714096,7.628000,174.864807

-5.208422,-1.701528,14.648599,16.356470,-2.260571,-0.776327,-0.464004,7.616000,174.864807

1.080899,3.818992,6.510322,16.374117,-0.608894,-1.673469,-0.218167,7.624000,174.864807

0.019906,2.425091,12.524216,16.365294,-0.906877,1.030727,1.187674,7.624000,174.864807

-2.406249,3.830968,8.414362,16.365294,0.422340,0.747643,0.932260,7.628000,174.864807

-3.893556,-6.161054,14.828225,16.362352,-3.142814,-2.197068,-0.119195,7.624000,174.864807

0.494120,4.638089,14.440231,16.359411,0.613901,0.873222,1.805989,7.624000,174.864807

-2.734366,7.188785,5.126000,16.379999,0.730966,1.202067,1.412225,7.640000,174.864807

-1.599127,-2.082336,13.635505,16.362352,-0.474801,-0.458124,0.982279,7.632000,174.864807

-1.347650,3.981854,13.022380,16.353529,-0.274727,1.287205,1.316445,7.632000,174.864807

1.088085,4.966207,2.977668,16.368235,1.596181,1.102030,0.764112,7.628000,174.864807

-2.504445,-5.088085,7.216852,16.341763,-1.857230,-0.111187,-0.246902,7.632000,174.864807

3.384908,-1.332695,9.575947,16.371176,-1.294255,-1.742644,-1.445219,7.628000,174.864807

-0.135770,-0.865666,6.788144,16.379999,-0.589738,0.121879,-1.243016,7.624000,174.864807

1.049764,-1.109958,5.935517,16.362352,-0.537591,-0.816768,-1.614431,7.612000,174.864807

1.710790,2.290970,8.500583,16.382940,-0.169369,0.400706,-1.760230,7.608000,174.864807

1.358722,1.119806,9.777128,16.368235,-0.840895,-0.301683,-0.616188,7.588000,174.864807

1.868861,2.731653,15.084492,16.353529,-0.750436,1.280820,0.020219,7.596000,174.864807

-4.782108,4.887171,6.354645,16.368235,2.559305,2.477009,0.449102,7.616000,174.864807

-4.202514,2.829849,5.099655,16.371176,0.453203,-1.259486,0.812002,7.592000,174.864807

5.185963,1.759276,9.044252,16.385881,-0.497150,-0.829539,1.249399,7.612000,174.864807

-2.250573,2.247860,13.154106,16.374117,0.378707,1.191425,1.047196,7.620000,174.864807

-2.013466,-3.167279,8.491003,16.385881,-1.647578,-2.293912,0.089394,7.604000,174.864807

1.145565,1.993988,12.227234,16.368235,-0.348159,0.560340,0.266055,7.604000,174.864807

-0.075895,-1.857204,7.973679,16.365294,-0.236415,0.117622,0.403340,7.588000,1748.185795

-0.454308,-5.631754,7.061176,16.371176,-0.773849,-2.128958,-0.417178,7.580000,2526.075882

2.232904,1.227581,5.705595,16.368235,-0.413076,-0.080324,0.164954,7.600000,2262.274382

0.870138,4.755445,6.807304,16.365294,0.687332,0.280448,0.582130,7.588000,2764.451438

2.137103,-1.847624,7.801237,16.374117,1.089610,0.482651,0.029797,7.600000,2357.127828

-2.753527,4.568634,9.482541,16.377058,0.270156,0.340045,-0.438462,7.604000,1867.129062

2.958595,-0.046569,7.604846,16.365294,1.206674,0.204888,-0.652371,7.604000,715.949456

-1.069828,-1.620097,5.284071,16.365294,0.022192,-0.355958,-1.319641,7.588000,1619.151055

-3.778595,0.853958,11.194981,16.371176,-2.391471,-0.233572,-1.165328,7.576000,1204.113702

-0.624354,3.059771,9.540022,16.391764,-1.436861,-0.032434,-1.013144,7.572000,1204.113702

-2.758317,3.213053,13.748071,16.371176,-0.277920,0.340045,-0.835418,7.576000,1204.113702

-1.381181,4.032149,8.416758,16.379999,1.548291,0.276191,-0.436334,7.592000,1204.113702

3.056791,0.647987,4.261398,16.356470,0.706488,-1.037062,0.042568,7.584000,1204.113702

-1.304540,0.600086,9.626243,16.368235,0.163734,0.117622,0.450166,7.584000,1204.113702

-0.210016,1.289852,10.179492,16.365294,0.294633,-0.004764,0.371413,7.584000,1204.113702

-1.062643,2.944810,7.671906,16.377058,-0.322617,-0.222930,-0.460811,7.572000,1204.113702

-1.388366,1.474268,13.422348,16.362352,0.128614,0.197439,-0.599160,7.572000,1204.113702

1.751505,0.410880,8.160490,16.356470,-1.302769,-0.732694,-0.956740,7.564000,1204.113702

-1.256639,2.803504,9.659773,16.371176,-0.615279,-0.283591,-1.484595,7.556000,1204.113702

0.668956,-2.226037,10.711186,16.374117,-1.313411,-0.735887,-1.602724,7.552000,1204.113702

-1.218319,3.351964,11.118340,16.379999,-0.343902,-0.432583,-1.506944,7.548000,1204.113702

1.478473,-1.263239,5.128395,16.374117,-1.623100,-0.959374,-1.157878,7.552000,1204.113702

-2.348768,-0.259726,10.258528,16.365294,-1.536898,-0.191003,-0.523600,7.524000,1204.113702

-2.760712,0.837193,11.877561,16.379999,-1.043098,-0.564546,0.084072,7.492000,1204.113702

-1.944010,-1.165043,12.083532,16.379999,0.509607,-0.363408,2.145477,7.504000,1204.113702

-1.448241,2.425091,11.103970,16.362352,0.970416,-1.028549,3.915283,7.528000,1204.113702

1.138380,0.901859,5.832531,16.382940,-0.349223,-0.843373,4.389927,7.484000,1204.113702

-1.088988,-3.366066,12.905025,16.368235,-0.822803,-0.783777,4.445267,7.484000,1204.113702

1.492843,-0.518388,8.402388,16.371176,-0.178947,0.082502,2.541368,7.480000,1204.113702

1.322797,-0.130395,9.954360,16.377058,-0.772785,-0.416619,1.906026,7.456000,2404.890913

2.731068,1.536539,11.585368,16.377058,-0.119350,0.724230,0.644919,7.452000,2404.890913

-0.123795,1.474268,11.106364,16.382940,-0.435425,0.364522,-0.627894,7.436000,2404.890913

-0.923732,-0.812975,9.853769,16.368235,-0.636564,0.092080,-1.163199,7.404000,2404.890913

0.307308,0.379744,8.009604,16.368235,-0.148084,0.127200,-1.368595,7.380000,2404.890913

0.930013,-1.342275,11.355447,16.379999,-0.181075,-0.047333,-1.779386,7.328000,2404.890913

-1.328490,-0.008249,11.108760,16.394705,-0.247057,0.499679,-1.716596,7.252000,2404.890913

-1.529672,0.051627,8.251501,16.377058,-0.129993,0.166576,-1.802799,7.140000,2404.890913

-0.734525,0.518656,10.732741,16.374117,-0.564196,-0.466638,-1.604853,6.948000,2404.890913

0.367184,1.591624,10.512400,16.377058,0.164798,-0.028177,-1.498430,6.756000,2404.890913

1.171910,-0.913566,8.675420,16.379999,-0.647206,-0.310197,-0.831161,6.568000,2404.890913

-0.569269,-2.999628,9.892090,16.391764,-0.403498,-0.670969,-0.835418,6.364000,2404.890913

0.513280,-2.784076,9.384345,16.371176,-0.533334,-0.534748,-0.229874,6.180000,2404.890913

-0.387247,-1.514716,9.190349,16.379999,-0.603573,-0.548583,0.339486,6.000000,2404.890913

-0.578849,0.509075,10.464499,16.382940,-0.267278,-0.448546,0.854572,5.820000,2404.890913

-0.468678,0.317474,10.579460,16.374117,-0.600380,-0.531555,0.765177,5.640000,2404.890913

1.315612,-0.046569,10.196257,16.353529,-0.049111,-0.631593,0.675782,5.412000,2404.890913

0.582735,-0.036989,10.737532,16.382940,0.129678,-0.371922,0.705580,5.236000,2404.890913

1.183886,0.231253,9.755573,16.397646,0.079660,-0.270820,0.570423,5.064000,2404.890913

1.559904,0.432435,10.189072,16.382940,-0.181075,-0.191003,0.469322,4.864000,2404.890913

-0.140560,1.337752,10.428574,16.382940,0.017935,0.022906,-0.173470,4.700000,2404.890913

0.015116,1.756881,9.870534,16.374117,-0.104451,-0.260178,-1.005694,4.532000,2404.890913

1.011444,2.073023,9.290939,16.385881,-0.085295,-0.113315,-1.537807,4.308000,2404.890913

1.016234,2.113739,8.941267,16.403528,-0.202360,-0.026049,-1.382430,4.160000,2404.890913

-0.130980,2.247860,9.322075,16.406469,-0.285369,0.187861,-0.443783,4.000000,2404.890913

-1.043483,1.989197,9.506492,16.377058,-0.210874,0.211274,-0.394829,3.844000,2404.890913

-1.299750,2.166429,9.322075,16.368235,-0.329003,0.005878,-0.351196,3.692000,2404.890913

1.104850,2.475386,9.336445,16.388823,-0.435425,0.013328,0.146862,3.544000,2404.890913

0.376764,2.259835,9.374765,16.385881,-0.423719,0.238944,0.420368,3.396000,2404.890913

-0.739315,1.634735,9.379556,16.409410,-0.367315,0.240008,0.168146,3.268000,2404.890913

-0.554899,1.912557,9.381950,16.403528,-0.383278,0.059089,-0.350131,3.200000,2404.890913

-0.483048,2.223909,9.415481,16.415293,-0.370507,0.085695,-0.422499,3.136000,2404.890913

-0.890202,2.010753,9.437036,16.400587,-0.433297,0.065475,-0.179855,3.076000,2404.890913

-0.303422,1.589229,9.468171,16.391764,-0.420526,-0.015406,-0.100039,3.016000,2404.890913

-0.456703,1.788016,9.465776,16.385881,-0.394985,0.027163,0.060660,2.960000,2404.890913

-0.200436,1.919742,9.415481,16.388823,-0.399242,-0.022856,0.226679,2.900000,2404.890913

0.177977,1.706585,9.559182,16.403528,-0.396049,0.025034,0.267119,2.844000,2404.890913

0.312098,1.979617,9.523256,16.379999,-0.403498,0.016520,0.176660,2.784000,2404.890913

0.542020,2.142479,9.429851,16.403528,-0.430104,0.158062,-0.008515,2.732000,2404.890913

-0.190856,1.886212,9.353210,16.403528,-0.457774,0.118686,-0.524664,2.660000,2404.890913

-0.207621,1.850286,9.401111,16.403528,-0.460967,0.147420,-1.023786,2.612000,2404.890913

-0.186066,2.022728,9.484936,16.418234,-0.499279,0.201696,-1.127016,2.552000,2404.890913

-0.792006,1.694610,9.506492,16.403528,-0.503536,0.155934,-1.263237,2.500000,2404.890913

-0.997977,1.584439,9.379556,16.421175,-0.484380,0.096337,-1.138722,2.444000,2404.890913

-0.902177,1.464688,9.666958,16.412352,-0.449260,0.034612,-0.943969,2.400000,2404.890913

-0.861461,1.572464,9.489726,16.412352,-0.419462,-0.007957,-0.512958,2.344000,2404.890913

-1.036298,1.567674,9.683722,16.394705,-0.384342,-0.001571,-0.161764,2.292000,2404.890913

-0.619564,1.692215,9.599897,16.400587,-0.387535,-0.120765,-0.080882,2.240000,2404.890913

-0.523764,1.574859,9.590317,16.406469,-0.340709,-0.115443,-0.137286,2.196000,2404.890913

-0.109425,1.761671,9.664562,16.409410,-0.339645,-0.094159,0.047889,2.140000,2404.890913

-0.633934,1.622760,9.453801,16.400587,-0.298140,-0.101609,0.307560,2.092000,2404.890913

-0.545319,1.697005,9.762758,16.418234,-0.322617,-0.040948,0.340551,2.044000,2404.890913

-0.552504,1.744905,9.403505,16.412352,-0.303461,-0.186747,0.294789,1.996000,2404.890913

-0.653095,1.766461,9.571157,16.400587,-0.265149,-0.171847,0.257541,1.956000,2404.890913

-0.135770,1.953272,9.425060,16.429998,-0.341773,-0.129278,0.390569,1.912000,2404.890913

-1.350045,1.864656,9.204719,16.397646,-0.281112,-0.159077,0.385248,1.868000,2404.890913

-0.746500,1.965247,9.664562,16.406469,-0.305590,-0.264435,0.329908,1.824000,2404.890913

-0.636329,1.799991,9.346025,16.415293,-0.310911,-0.253793,0.131963,1.784000,2404.890913

-0.370482,1.653895,9.678933,16.429998,-0.301333,-0.351701,0.170275,1.744000,2404.890913

0.245038,2.070628,9.475356,16.400587,-0.304525,-0.260178,0.070238,1.696000,2404.890913

-0.344137,1.948482,9.439431,16.406469,-0.320489,-0.247407,0.251156,1.656000,2404.890913

-0.480653,1.852681,9.415481,16.424116,-0.309847,-0.263371,0.288404,1.620000,2404.890913

-0.198041,1.826336,9.391530,16.412352,-0.307718,-0.303811,0.217101,1.568000,2404.890913

0.194742,1.998778,9.549602,16.421175,-0.297076,-0.327224,0.144733,1.528000,2404.890913

-0.085475,1.831126,9.487331,16.427057,-0.308782,-0.253793,0.050017,1.496000,2404.890913

-0.315397,1.907767,9.465776,16.424116,-0.314103,-0.276141,0.040439,1.460000,2404.890913

-0.411198,2.020333,9.413086,16.429998,-0.329003,-0.298490,0.101100,1.424000,2404.890913

-0.104635,1.943692,9.525652,16.409410,-0.292819,-0.303811,0.211779,1.392000,2404.890913

0.403109,2.044283,9.501701,16.429998,-0.336452,-0.271885,0.320330,1.356000,2404.890913

0.041461,1.910162,9.645403,16.427057,-0.321553,-0.250600,0.304367,1.316000,2404.890913

0.158817,1.723350,9.417875,16.432940,-0.342838,-0.234637,0.177724,1.288000,2404.890913

-0.051945,1.852681,9.563972,16.429998,-0.309847,-0.238894,0.094715,1.260000,2404.890913

0.149237,1.871841,9.369975,16.429998,-0.331131,-0.265499,0.137284,1.236000,2404.890913

-0.145350,1.895792,9.444221,16.421175,-0.290691,-0.256985,0.064916,1.212000,2404.890913

-0.116610,1.924532,9.523256,16.421175,-0.291755,-0.305940,0.034054,1.184000,2404.890913

0.072596,1.835916,9.427456,16.415293,-0.296012,-0.295298,0.068109,1.168000,2404.890913

0.048646,1.730535,9.434641,16.450586,-0.285369,-0.318710,0.122385,1.144000,2404.890913

0.314493,1.958062,9.518467,16.432940,-0.268342,-0.325096,0.188367,1.132000,2404.890913

0.304913,2.228699,9.506492,16.412352,-0.267278,-0.262307,0.229871,1.112000,2404.890913

0.494120,2.211934,9.350815,16.427057,-0.307718,-0.248472,0.372477,1.100000,2404.890913

0.628241,2.039493,9.358000,16.447645,-0.324746,-0.193132,0.403340,1.084000,2404.890913

0.709672,2.063443,9.496911,16.427057,-0.321553,-0.180361,0.218165,1.072000,2404.890913

0.836608,2.070628,9.446616,16.432940,-0.360929,-0.117572,0.105357,1.060000,2404.890913

0.551600,2.034703,9.393926,16.438822,-0.353480,-0.047333,-0.024479,1.048000,2404.890913

0.309703,2.128109,9.425060,16.444704,-0.352416,-0.046269,-0.015965,1.040000,2404.890913

0.290543,1.979617,9.554392,16.441763,-0.371572,-0.035627,0.060660,1.028000,2404.890913

0.477355,2.041888,9.379556,16.441763,-0.367315,-0.017535,0.186238,1.020000,2404.890913

0.295333,2.137689,9.319680,16.427057,-0.379021,0.038869,0.308624,1.016000,2404.890913

0.259408,2.099368,9.353210,16.447645,-0.413076,0.013328,0.311817,1.008000,2404.890913

0.518070,2.209539,9.506492,16.418234,-0.394985,0.043126,0.220293,1.000000,2404.890913

0.618661,1.871841,9.305309,16.435881,-0.401370,0.042062,0.142605,0.992000,2404.890913

0.405504,1.716165,9.537626,16.441763,-0.397113,0.050576,-0.057469,0.988000,2404.890913

0.738412,2.029913,9.451406,16.429998,-0.399242,0.089952,-0.217103,0.980000,2404.890913

0.213903,2.017938,9.398716,16.424116,-0.410948,0.111237,-0.267122,0.976000,2404.890913

-0.075895,1.785621,9.434641,16.438822,-0.412012,0.046319,-0.345875,0.972000,2404.890913

0.010326,1.749696,9.573552,16.444704,-0.374764,0.049511,-0.341618,0.964000,2404.890913

0.091757,1.912557,9.540022,16.429998,-0.366251,0.034612,-0.113873,0.960000,2404.890913

0.283358,1.938902,9.465776,16.444704,-0.382214,0.052704,0.196880,0.956000,2404.890913

0.254618,2.173614,9.499307,16.444704,-0.356672,0.080374,0.412918,0.952000,2404.890913

0.362394,2.173614,9.319680,16.438822,-0.380085,0.073989,0.408661,0.948000,2404.890913

0.645006,2.077813,9.405901,16.453527,-0.417333,0.106980,-0.164956,0.940000,2404.890913

0.580340,1.826336,9.437036,16.438822,-0.443939,0.164448,-0.504444,0.936000,2404.890913

-0.025599,1.967642,9.520862,16.450586,-0.424783,0.162319,-0.598096,0.932000,2404.890913

-0.200436,1.917347,9.456196,16.438822,-0.414141,0.139971,-0.493802,0.928000,2404.890913

-0.339347,1.910162,9.429851,16.447645,-0.412012,0.106980,-0.249030,0.924000,2404.890913

-0.303422,1.965247,9.511281,16.438822,-0.402434,0.106980,0.111742,0.924000,2404.890913

-0.090265,1.941297,9.511281,16.456469,-0.392856,0.070796,0.246899,0.920000,2404.890913

0.154027,1.910162,9.403505,16.438822,-0.397113,0.071860,0.294789,0.916000,2404.890913

-0.047155,1.905372,9.482541,16.456469,-0.386471,0.028227,0.036182,0.916000,2404.890913

0.242643,2.029913,9.353210,16.456469,-0.397113,0.008007,-0.196883,0.912000,2404.890913

-0.150140,1.883817,9.544811,16.465292,-0.399242,0.040998,-0.300113,0.908000,2404.890913

-0.241151,1.761671,9.542417,16.450586,-0.399242,-0.017535,-0.358645,0.908000,2404.890913

